<?xml version="1.0"?>
<!DOCTYPE softwarelist SYSTEM "softwarelist.dtd">

<!--

license:CC0-1.0

List of known part numbers

315746-02  Extras 1.3 (De) (difference to 317790-01?)
315747-02  Workbench 1.3 Rev. 34.20 (De) (difference to 317791-01?)
316167-01  Extras 1.1
316391-01  Workbench 1.2
317235-01  Workbench 2.0 A3000
317235-02  Extras 2.0 A3000
317235-04  Extras 2.03 A3000
317608-03  Workbench 1.2 Rev. 33.56 A500
317610-03  Workbench 1.2 Rev. 33.56 A500 (De)
317612-01  Workbench 1.2 Rev. 33.56 A500 (Fr/Be)
317613-01  Workbench 1.2 Rev. 33.56 A500 (It)
317615-01  Workbench 1.2 Rev. 33.56 A500 (Se/Fi)
317621-01  Workbench 1.2 Rev. 33.56 A500 (Ch)
317746-01  Workbench 1.3 Rev. 34.20 (US)
317746-03  Workbench 1.3.2 Rev. 34.28 (US)
317746-04  Workbench 1.3.3 Rev. 34.34 (US)
317748-01  Extras 1.3
317748-02  Extras 1.3.3
317787-01  Workbench 1.3 Rev. 34.20 (International)
317787-03  Workbench 1.3.2 Rev. 34.28 (International)
317787-04  Workbench 1.3.3 Rev. 34.34 (International)
317788-01  Extras 1.3
317788-02  Extras 1.3
317789-01  Workbench 1.3 Rev. 34.20 (UK)
317789-03  Workbench 1.3.2 Rev. 34.28 (UK)
317789-04  Workbench 1.3.3 Rev. 34.34 (UK)
317790-01  Extras 1.3 (De)
317790-02  Extras 1.3.3 (De)
317791-01  Workbench 1.3 Rev. 34.20 (De)
317791-03  Workbench 1.3.2 Rev. 34.28 (De)
317791-04  Workbench 1.3.3 Rev. 34.34 (De)
317792-01  Workbench 1.3 Rev. 34.20 (Fr/Be)
317792-03  Workbench 1.3.2 Rev. 34.28 (Fr/Be)
317792-04  Workbench 1.3.3 Rev. 34.34 (Fr/Be)
317793-01  Workbench 1.3 Rev. 34.20 (No)
317793-03  Workbench 1.3.2 Rev. 34.28 (No)
317793-04  Workbench 1.3.3 Rev. 34.34 (No)
317794-01  Workbench 1.3 Rev. 34.20 (Es)
317794-03  Workbench 1.3.2 Rev. 34.28 (Es)
317794-04  Workbench 1.3.3 Rev. 34.34 (Es)
317795-01  Workbench 1.3 Rev. 34.20 (Ch)
317795-03  Workbench 1.3.2 Rev. 34.28 (Ch)
317795-04  Workbench 1.3.3 Rev. 34.34 (Ch)
317796-01  Workbench 1.3 Rev. 34.20 (Se/Fi)
317796-03  Workbench 1.3.2 Rev. 34.28 (Se/Fi)
317796-04  Workbench 1.3.3 Rev. 34.34 (Se/Fi)
317797-01  Workbench 1.3 Rev. 34.20 (It)
317797-03  Workbench 1.3.2 Rev. 34.28 (It)
317797-04  Workbench 1.3.3 Rev. 34.34 (It)
317954-01  Extras 2.0 A3000
317954-02  Workbench 2.0 A3000
317954-03  Workbench 2.0 A3000 (De)
317954-04  Workbench 2.03 A3000
327245-01  Workbench 1.0
327245-02  Workbench 1.1 Rev. 32.34 A1000 PAL
327246-01  Extras 1.0
335603-02  Install 2.0 A3000
335603-03  Install 2.0 A3000
335603-04  Install 2.03 A3000
367270-01  Workbench 1.3.2 Rev. 34.28 A3000 (International)
367272-01  Extras 1.3 A3000
367617-01  Extras 1.3.3
367618-01  Extras 1.3.3 Rev. 34.34 (International)
367813-01  Workbench 2.04 Rev. 37.67
367813-03  Workbench 2.05 Rev. 37.71
367824-01  Extras 2.04
367824-04  Extras 2.05
367825-01  Fonts 2.04
367825-03  Fonts 2.05
367826-01  Install 2.04 A3000
367826-02  Install 2.04
367826-03  Install 2.05
367943-01  Install 2.05
367959-01  Workbench 2.05
367960-01  Extras 2.05
367968-01  Fonts 2.05
370126-02  Install 3.0
370127-02  Workbench 3.0
370128-01  Extras 3.0
370129-01  Locale 3.0
370150-01  Storage 3.0
370152-01  Workbench 2.1 (En/No/Se)
370155-01  Workbench 2.1 (En/Fr/De)
370159-01  Extras 2.1
370160-01  Fonts 2.1
370166-01  Install 2.1
370166-02  Install 2.1
370167-01  Workbench 2.1
370167-02  Workbench 2.1
370168-01  Extras 2.1
370169-01  Fonts 2.1
370170-01  Locale 2.1
370172-01  Locale 2.1 International
370191-01  Fonts 3.0
370192-01  Fonts 3.0
370299-97  Install 3.1 A4000T
370299-98  Install 3.1
370299-99  Storage 3.1
370300-97  Workbench 3.1 A4000T
370300-98  Workbench 3.1
370300-99  Locale 3.1
370301-97  Extras 3.1 A4000T
370301-98  Extras 3.1
370301-99  Fonts 3.1
380706-05  Extras 1.2
380706-09  Extras 1.2
380706-10  Extras 1.2 (De)
380724-07  Workbench 1.2 Rev. 33.53 A2000
380724-09  Workbench 1.2 Rev. 33.56 A2000
380724-10  Workbench 1.2 Rev. 33.56 A2000 (De)
380927-01  Workbench 1.2 Rev. 33.56 A500 (UK)

-->

<softwarelist name="amiga_workbench" description="Commodore Amiga Workbench disks">

	<!-- Version 1.0 -->

	<software name="wb10">
		<description>Workbench 1.0</description>
		<year>1985</year>
		<publisher>Commodore</publisher>
		<part name="flop1" interface="floppy_3_5">
			<feature name="part_id" value="Workbench 1.0" />
			<dataarea name="flop" size="901120">
				<rom name="327245-01_workbench.adf" size="901120" crc="d6ef5192" sha1="c7ea69ed5e85ec599165ab201619646c9b5729ba" status="baddump" />
			</dataarea>
		</part>
		<part name="flop2" interface="floppy_3_5">
			<feature name="part_id" value="Extras 1.0" />
			<dataarea name="flop" size="901120">
				<rom name="327246-01_extras.adf" size="901120" status="nodump" />
			</dataarea>
		</part>
	</software>

	<!-- Version 1.1 -->

	<software name="wb11">
		<description>Workbench 1.1</description>
		<year>1985</year>
		<publisher>Commodore</publisher>
		<part name="flop1" interface="floppy_3_5">
			<feature name="part_id" value="Workbench 1.1" />
			<dataarea name="flop" size="901120">
				<rom name="327245-02_workbench.adf" size="901120" crc="a629bd97" sha1="d8cc4e0a66d284aab499ff81c9527048bb47ff91" status="baddump" />
			</dataarea>
		</part>
		<part name="flop2" interface="floppy_3_5">
			<feature name="part_id" value="Extras 1.1" />
			<dataarea name="flop" size="901120">
				<rom name="316167-01_extras.adf" size="901120" crc="9c9fb14c" sha1="45a2506556ce3b13404194b26d04f451984c689a" />
			</dataarea>
		</part>
	</software>

	<!-- Version 1.2 -->

	<software name="wb12">
		<description>Workbench 1.2 Rev. 33.56 A500/A2000</description>
		<year>1987</year>
		<publisher>Commodore</publisher>
		<part name="flop1" interface="floppy_3_5">
			<feature name="part_id" value="Workbench 1.2 Rev. 33.56 A500/A2000" />
			<dataarea name="flop" size="901120">
				<!-- Part number unverified -->
				<rom name="316391-01_workbench.adf" size="901120" crc="bfbf5df9" sha1="7ede18dcd66de3b1e1f87a5869c21294823da214" />
			</dataarea>
		</part>
		<part name="flop2" interface="floppy_3_5">
			<feature name="part_id" value="Extras 1.2" />
			<dataarea name="flop" size="901120">
				<!-- Part number unverified -->
				<rom name="380706-05_extras.adf" size="901120" crc="7763563b" sha1="51ca15f3ebb4360aabad32014174c411a00b0ecb" />
			</dataarea>
		</part>
	</software>

	<software name="wb12_a500">
		<description>Workbench 1.2 Rev. 33.56 A500</description>
		<year>1987</year>
		<publisher>Commodore</publisher>
		<part name="flop1" interface="floppy_3_5">
			<feature name="part_id" value="Workbench 1.2 Rev. 33.56 A500" />
			<dataarea name="flop" size="901120">
				<rom name="317608-03_workbench.adf" size="901120" crc="94318e6a" sha1="bf8f1542aa525847e22bd3e913247848eb540da0" />
			</dataarea>
		</part>
		<part name="flop2" interface="floppy_3_5">
			<feature name="part_id" value="Extras 1.2" />
			<dataarea name="flop" size="901120">
				<rom name="380706-09_extras.adf" size="901120" crc="46383329" sha1="40356f28c980b9b2ae778cc9d06f7a462a10d46e" />
			</dataarea>
		</part>
	</software>

	<software name="wb12_a500_uk" cloneof="wb12_a500">
		<description>Workbench 1.2 Rev. 33.56 A500 (UK)</description>
		<year>1987</year>
		<publisher>Commodore</publisher>
		<part name="flop1" interface="floppy_3_5">
			<feature name="part_id" value="Workbench 1.2 Rev. 33.56 A500 (UK)" />
			<dataarea name="flop" size="901120">
				<rom name="380927-01_workbench.adf" size="901120" status="nodump"/>
			</dataarea>
		</part>
		<part name="flop2" interface="floppy_3_5">
			<feature name="part_id" value="Extras 1.2" />
			<dataarea name="flop" size="901120">
				<rom name="380706-09_extras.adf" size="901120" crc="46383329" sha1="40356f28c980b9b2ae778cc9d06f7a462a10d46e" />
			</dataarea>
		</part>
	</software>

	<software name="wb12_a500_de" cloneof="wb12_a500">
		<description>Workbench 1.2 Rev. 33.56 A500 (De)</description>
		<year>1987</year>
		<publisher>Commodore</publisher>
		<part name="flop1" interface="floppy_3_5">
			<feature name="part_id" value="Workbench 1.2 Rev. 33.56 A500 (De)" />
			<dataarea name="flop" size="901120">
				<rom name="317610-03_workbench.adf" size="901120" status="nodump"/>
			</dataarea>
		</part>
		<part name="flop2" interface="floppy_3_5">
			<feature name="part_id" value="Extras 1.2 (De)" />
			<dataarea name="flop" size="901120">
				<rom name="380706-10_extras.adf" size="901120" crc="af130813" sha1="f7a38640155cfd4d369769349f02aa7686973bcf" />
			</dataarea>
		</part>
	</software>

	<!-- 317612-01 Workbench 1.2 Rev. 33.56 A500 (Fr/Be) -->
	<!-- 317613-01 Workbench 1.2 Rev. 33.56 A500 (It) -->
	<!-- 317615-01 Workbench 1.2 Rev. 33.56 A500 (Se/Fi) -->
	<!-- 317621-01 Workbench 1.2 Rev. 33.56 A500 (Ch) -->

	<software name="wb12_a2000">
		<description>Workbench 1.2 Rev. 33.56 A2000</description>
		<year>1987</year>
		<publisher>Commodore</publisher>
		<part name="flop1" interface="floppy_3_5">
			<feature name="part_id" value="Workbench 1.2 Rev. 33.56 A2000" />
			<dataarea name="flop" size="901120">
				<rom name="380724-09_workbench.adf" size="901120" status="nodump"/>
			</dataarea>
		</part>
		<part name="flop2" interface="floppy_3_5">
			<feature name="part_id" value="Extras 1.2" />
			<dataarea name="flop" size="901120">
				<rom name="380706-09_extras.adf" size="901120" crc="46383329" sha1="40356f28c980b9b2ae778cc9d06f7a462a10d46e" />
			</dataarea>
		</part>
	</software>

	<software name="wb12_a2000_de" cloneof="wb12_a2000">
		<description>Workbench 1.2 Rev. 33.56 A2000 (De)</description>
		<year>1987</year>
		<publisher>Commodore</publisher>
		<part name="flop1" interface="floppy_3_5">
			<feature name="part_id" value="Workbench 1.2 Rev. 33.56 A2000 (De)" />
			<dataarea name="flop" size="901120">
				<rom name="380724-10_workbench.adf" size="901120" crc="4ac89111" sha1="73f8dea3b56bb337a22d5c5f8b447df4f10a4fb0" />
			</dataarea>
		</part>
		<part name="flop2" interface="floppy_3_5">
			<feature name="part_id" value="Extras 1.2 (De)" />
			<dataarea name="flop" size="901120">
				<rom name="380706-10_extras.adf" size="901120" crc="af130813" sha1="f7a38640155cfd4d369769349f02aa7686973bcf" />
			</dataarea>
		</part>
	</software>

	<!-- Unknown product number. Maybe not released on disks? -->
	<software name="wb12_3361">
		<description>Workbench 1.2 Rev. 33.61 A500/A2000</description>
		<year>1987</year>
		<publisher>Commodore</publisher>
		<part name="flop1" interface="floppy_3_5">
			<feature name="part_id" value="Workbench 1.2 Rev. 33.61 A500/A2000" />
			<dataarea name="flop" size="901120">
				<rom name="unkpn_workbench_12r3361.adf" size="901120" crc="f1674acf" sha1="6c5a7d91ea638cd001d3c52fac55bafb0a3ae890" />
			</dataarea>
		</part>
		<part name="flop2" interface="floppy_3_5">
			<feature name="part_id" value="Extras 1.2" />
			<dataarea name="flop" size="901120">
				<rom name="unkpn_extras_12.adf" size="901120" crc="08f6785b" sha1="2edfbec0a82f8f5d133526365544a2e78f916c7b" />
			</dataarea>
		</part>
	</software>

	<!-- Version 1.3 -->

	<!-- 317746-01 Workbench 1.3 (US) -->

	<software name="wb13">
		<description>Workbench 1.3 Rev. 34.20</description>
		<year>1988</year>
		<publisher>Commodore</publisher>
		<part name="flop1" interface="floppy_3_5">
			<feature name="part_id" value="Workbench 1.3 Rev. 34.20" />
			<dataarea name="flop" size="901120">
				<rom name="317787-01_workbench.adf" size="901120" status="nodump"/>
			</dataarea>
		</part>
		<part name="flop2" interface="floppy_3_5">
			<!-- Probably good dump -->
			<feature name="part_id" value="Extras 1.3" />
			<dataarea name="flop" size="901120">
				<rom name="317788-01_extras.adf" size="901120" crc="2f9cea9f" sha1="7fe6b33427eb860fad67540146480d62349e27ca" />
			</dataarea>
		</part>
	</software>

	<software name="wb13_uk" cloneof="wb13">
		<description>Workbench 1.3 Rev. 34.20 (UK)</description>
		<year>1988</year>
		<publisher>Commodore</publisher>
		<part name="flop1" interface="floppy_3_5">
			<feature name="part_id" value="Workbench 1.3 Rev. 34.20 (UK)" />
			<dataarea name="flop" size="901120">
				<rom name="317789-01_workbench.adf" size="901120" crc="30bef4c6" sha1="44bace7520746691969d08f28dd68ef5ab2f15fb" />
			</dataarea>
		</part>
		<part name="flop2" interface="floppy_3_5">
			<!-- Probably good dump -->
			<feature name="part_id" value="Extras 1.3" />
			<dataarea name="flop" size="901120">
				<rom name="317788-01_extras.adf" size="901120" crc="2f9cea9f" sha1="7fe6b33427eb860fad67540146480d62349e27ca" />
			</dataarea>
		</part>
	</software>

	<software name="wb13_de" cloneof="wb13">
		<description>Workbench 1.3 Rev. 34.20 (De)</description>
		<year>1988</year>
		<publisher>Commodore</publisher>
		<part name="flop1" interface="floppy_3_5">
			<feature name="part_id" value="Workbench 1.3 Rev. 34.20 (De)" />
			<dataarea name="flop" size="901120">
				<rom name="317791-01_workbench.adf" size="901120" status="nodump"/>
			</dataarea>
		</part>
		<part name="flop2" interface="floppy_3_5">
			<!-- Verified dump -->
			<feature name="part_id" value="Extras 1.3 (De)" />
			<dataarea name="flop" size="901120">
				<rom name="317790-01_extras.adf" size="901120" crc="bc1f2c03" sha1="62dab0a803fe01bcd05d7cf20447e46af09669ff" />
			</dataarea>
		</part>
	</software>

	<!-- 317792-01 Workbench 1.3 (Fr/Be) -->
	<!-- 317793-01 Workbench 1.3 (No) -->
	<!-- 317794-01 Workbench 1.3 (Es) -->
	<!-- 317795-01 Workbench 1.3 (Ch) -->
	<!-- 317796-01 Workbench 1.3 (Se/Fi) -->
	<!-- 317797-01 Workbench 1.3 (It) -->

	<!-- Version 1.3.2 -->

	<!-- 317746-03 Workbench 1.3.2 (US) -->

	<software name="wb132">
		<description>Workbench 1.3.2</description>
		<year>1988</year>
		<publisher>Commodore</publisher>
		<part name="flop1" interface="floppy_3_5">
			<feature name="part_id" value="Workbench 1.3.2" />
			<dataarea name="flop" size="901120">
				<rom name="317787-03_workbench.adf" size="901120" status="nodump"/>
			</dataarea>
		</part>
		<part name="flop2" interface="floppy_3_5">
			<!-- Probably good dump -->
			<!-- Possibly this should be 317788-02? -->
			<feature name="part_id" value="Extras 1.3" />
			<dataarea name="flop" size="901120">
				<rom name="317788-01_extras.adf" size="901120" crc="2f9cea9f" sha1="7fe6b33427eb860fad67540146480d62349e27ca" />
			</dataarea>
		</part>
	</software>

	<software name="wb132_uk" cloneof="wb132">
		<description>Workbench 1.3.2 Rev. 34.28 (UK)</description>
		<year>1988</year>
		<publisher>Commodore</publisher>
		<part name="flop1" interface="floppy_3_5">
			<!-- Probably good dump -->
			<feature name="part_id" value="Workbench 1.3.2 (UK)" />
			<dataarea name="flop" size="901120">
				<rom name="317789-03_workbench.adf" size="901120" crc="c5692f06" status="nodump"/>
			</dataarea>
		</part>
		<part name="flop2" interface="floppy_3_5">
			<!-- Probably good dump -->
			<!-- Possibly this should be 317788-02? -->
			<feature name="part_id" value="Extras 1.3" />
			<dataarea name="flop" size="901120">
				<rom name="317788-01_extras.adf" size="901120" crc="2f9cea9f" sha1="7fe6b33427eb860fad67540146480d62349e27ca" />
			</dataarea>
		</part>
	</software>

	<software name="wb132_de" cloneof="wb132">
		<description>Workbench 1.3.2 (De)</description>
		<year>1988</year>
		<publisher>Commodore</publisher>
		<part name="flop1" interface="floppy_3_5">
			<feature name="part_id" value="Workbench 1.3.2 (De)" />
			<dataarea name="flop" size="901120">
				<rom name="317791-03_workbench.adf" size="901120" crc="e0a29775" sha1="3e2a5e064d8efb4feb64b85b7b26bfaa4f07aa0a" />
			</dataarea>
		</part>
		<part name="flop2" interface="floppy_3_5">
			<!-- Verified dump -->
			<feature name="part_id" value="Extras 1.3 (De)" />
			<dataarea name="flop" size="901120">
				<rom name="317790-01_extras.adf" size="901120" crc="bc1f2c03" sha1="62dab0a803fe01bcd05d7cf20447e46af09669ff" />
			</dataarea>
		</part>
	</software>

	<!-- 317792-03 Workbench 1.3.2 (Fr/Be) -->
	<!-- 317793-03 Workbench 1.3.2 (No) -->
	<!-- 317794-03 Workbench 1.3.2 (Es) -->
	<!-- 317795-03 Workbench 1.3.2 (Ch) -->
	<!-- 317796-03 Workbench 1.3.2 (Se/Fi) -->

	<software name="wb132_it" cloneof="wb132">
		<description>Workbench 1.3.2 (It)</description>
		<year>1988</year>
		<publisher>Commodore</publisher>
		<part name="flop1" interface="floppy_3_5">
			<feature name="part_id" value="Workbench 1.3.2 (It)" />
			<dataarea name="flop" size="901120">
				<rom name="317797-03_workbench.adf" size="901120" status="nodump"/>
			</dataarea>
		</part>
		<part name="flop2" interface="floppy_3_5">
			<feature name="part_id" value="Extras 1.3" />
			<dataarea name="flop" size="901120">
				<rom name="317788-01_extras.adf" size="901120" crc="2f9cea9f" sha1="7fe6b33427eb860fad67540146480d62349e27ca" />
			</dataarea>
		</part>
	</software>

	<!-- Version 1.3.3 -->

	<software name="wb133_us" cloneof="wb133">
		<description>Workbench 1.3.3 (US)</description>
		<year>1990</year>
		<publisher>Commodore</publisher>
		<part name="flop1" interface="floppy_3_5">
			<feature name="part_id" value="Workbench 1.3.3 (US)" />
			<dataarea name="flop" size="901120">
				<rom name="317746-04_workbench.adf" size="901120" crc="bf299bca" sha1="8bac53a89cd1fe5a7762de9bd61a1592f10af2df" status="baddump" />
			</dataarea>
		</part>
		<part name="flop2" interface="floppy_3_5">
			<feature name="part_id" value="Extras 1.3 (US)" />
			<dataarea name="flop" size="901120">
				<rom name="317748-02_extras.adf" size="901120" crc="256a4b82" sha1="465a65aa89fe4b016fee968ef75ab08de9bdfbc6" />
			</dataarea>
		</part>
	</software>

	<software name="wb133">
		<description>Workbench 1.3.3</description>
		<year>1988</year>
		<publisher>Commodore</publisher>
		<part name="flop1" interface="floppy_3_5">
			<feature name="part_id" value="Workbench 1.3.3" />
			<dataarea name="flop" size="901120">
				<rom name="317787-04_workbench.adf" size="901120" status="nodump"/>
			</dataarea>
		</part>
		<part name="flop2" interface="floppy_3_5">
			<!-- Probably good dump -->
			<feature name="part_id" value="Extras 1.3.3" />
			<dataarea name="flop" size="901120">
				<rom name="367618-01_extras.adf" size="901120" crc="e8eb34c4" sha1="98b2d23004aa4f70e6e07fae92e36b303ab8e471" />
			</dataarea>
		</part>
	</software>

	<software name="wb133_uk" cloneof="wb133">
		<description>Workbench 1.3.3 (UK)</description>
		<year>1988</year>
		<publisher>Commodore</publisher>
		<part name="flop1" interface="floppy_3_5">
			<!-- Modified -->
			<feature name="part_id" value="Workbench 1.3.3 (UK)" />
			<dataarea name="flop" size="901120">
				<rom name="317789-04_workbench.adf" size="901120" crc="f0ac4901" sha1="598a61b0d41fd16f8af5166067337ceda350c2b5" status="baddump" />
			</dataarea>
		</part>
		<part name="flop2" interface="floppy_3_5">
			<!-- Probably good dump -->
			<feature name="part_id" value="Extras 1.3.3" />
			<dataarea name="flop" size="901120">
				<rom name="367618-01_extras.adf" size="901120" crc="e8eb34c4" sha1="98b2d23004aa4f70e6e07fae92e36b303ab8e471" />
			</dataarea>
		</part>
	</software>

	<software name="wb133_de" cloneof="wb133">
		<description>Workbench 1.3.3 (De)</description>
		<year>1990</year>
		<publisher>Commodore</publisher>
		<part name="flop1" interface="floppy_3_5">
			<feature name="part_id" value="Workbench 1.3.3 (De)" />
			<dataarea name="flop" size="901120">
				<rom name="317791-04_workbench.adf" size="901120" status="nodump" />
			</dataarea>
		</part>
		<part name="flop2" interface="floppy_3_5">
			<feature name="part_id" value="Extras 1.3.3 (De)" />
			<dataarea name="flop" size="901120">
				<rom name="317790-02_extras.adf" size="901120" status="nodump" />
			</dataarea>
		</part>
	</software>

	<!-- 317796-04 Workbench 1.3.3 (Se/Fi) -->
	<!-- 317797-04 Workbench 1.3.3 (It) -->

	<!-- Version 2.04 -->

	<software name="wb204">
		<description>Workbench 2.04 Rev. 37.67</description>
		<year>1991</year>
		<publisher>Commodore</publisher>
		<part name="flop1" interface="floppy_3_5">
			<!-- Probably good dump -->
			<feature name="part_id" value="Workbench 2.04" />
			<dataarea name="flop" size="901120">
				<rom name="367813-01_workbench.adf" size="901120" crc="57714d34" sha1="8d5c0310a86f14fb3e6a1da001ceb50b9a592c51" />
			</dataarea>
		</part>
		<part name="flop2" interface="floppy_3_5">
			<!-- Probably good dump -->
			<feature name="part_id" value="Extras 2.04" />
			<dataarea name="flop" size="901120">
				<rom name="367824-01_extras.adf" size="901120" crc="a019b6b9" sha1="dc6a940c3474a1d90856541c179f4105eadadbbf" />
			</dataarea>
		</part>
		<part name="flop3" interface="floppy_3_5">
			<!-- Probably good dump -->
			<feature name="part_id" value="Fonts 2.04" />
			<dataarea name="flop" size="901120">
				<rom name="367825-01_fonts.adf" size="901120" crc="2f88c0f6" sha1="22827246c3147c9f9585d029a0f1ebe5fade584e" />
			</dataarea>
		</part>
		<part name="flop4" interface="floppy_3_5">
			<feature name="part_id" value="Install 2.04" />
			<dataarea name="flop" size="901120">
				<rom name="367826-02_install.adf" size="901120" crc="74f4f26b" sha1="4a6f66823dc9320eb807106b2e98eaba3800c197" />
			</dataarea>
		</part>
	</software>

	<!-- Version 2.05 -->

	<software name="wb205">
		<description>Workbench 2.05 Rev. 37.71</description>
		<year>1992</year>
		<publisher>Commodore</publisher>
		<part name="flop1" interface="floppy_3_5">
			<feature name="part_id" value="Workbench 2.05" />
			<dataarea name="flop" size="901120">
				<rom name="367813-03_workbench.adf" size="901120" crc="be1cc8b9" sha1="4d5c1830e04d1302fdad1eb85638104ab94fb353" />
			</dataarea>
		</part>
		<part name="flop2" interface="floppy_3_5">
			<!-- Verified dump -->
			<feature name="part_id" value="Extras 2.05" />
			<dataarea name="flop" size="901120">
				<rom name="367824-04_extras.adf" size="901120" crc="86daec05" sha1="96bcab8d0d5f05d5fac879436bcc85514d912acc"/>
			</dataarea>
		</part>
		<part name="flop3" interface="floppy_3_5">
			<!-- Verified dump -->
			<feature name="part_id" value="Fonts 2.05" />
			<dataarea name="flop" size="901120">
				<rom name="367825-03_fonts.adf" size="901120" crc="7401aba4" sha1="21124a9695f90b926184ee00ac575217a6373c3d" />
			</dataarea>
		</part>
		<part name="flop4" interface="floppy_3_5">
			<!-- Verified dump -->
			<feature name="part_id" value="A600HD Install 2.05" />
			<dataarea name="flop" size="901120">
				<rom name="367943-01_install.adf" size="901120" crc="bbdc194c" sha1="66cf349d250f8da83fae3509d8a49bbf7602677f" />
			</dataarea>
		</part>
	</software>

	<!-- Version 2.1 -->

	<software name="wb21">
		<description>Workbench 2.1 Rev. 38.36</description>
		<year>1992</year>
		<publisher>Commodore</publisher>
		<part name="flop1" interface="floppy_3_5">
			<!-- Verified dump -->
			<feature name="part_id" value="Install 2.1" />
			<dataarea name="flop" size="901120">
				<rom name="370166-02_install.adf" size="901120" crc="78288c6e" sha1="d92d1218ee28e1057ce776d4c0f4ee12426d53d9" />
			</dataarea>
		</part>
		<part name="flop2" interface="floppy_3_5">
			<!-- Verified dump -->
			<feature name="part_id" value="Workbench 2.1" />
			<dataarea name="flop" size="901120">
				<rom name="370167-02_workbench.adf" size="901120" crc="47bc4f1c" sha1="57e630711fc98a57b6a3ee5b126e302f76d4989a" />
			</dataarea>
		</part>
		<part name="flop3" interface="floppy_3_5">
			<!-- Verified dump -->
			<feature name="part_id" value="Extras 2.1" />
			<dataarea name="flop" size="901120">
				<rom name="370168-01_extras.adf" size="901120" crc="0b64e83d" sha1="34b765f7bbe3dc0370cc448b8eacdca540238ad6" />
			</dataarea>
		</part>
		<part name="flop4" interface="floppy_3_5">
			<!-- Verified dump -->
			<feature name="part_id" value="Fonts 2.1" />
			<dataarea name="flop" size="901120">
				<rom name="370169-01_fonts.adf" size="901120" crc="38dd8f2c" sha1="4444b0acd8c39d918ef29b79443522d76b2ff485" />
			</dataarea>
		</part>
		<part name="flop5" interface="floppy_3_5">
			<!-- Verified dump -->
			<feature name="part_id" value="Locale 2.1" />
			<dataarea name="flop" size="901120">
				<rom name="370170-01_locale.adf" size="901120" crc="0d6f6b6b" sha1="20a330dbb002edd543e1eac527ea87e54dc496a3" />
			</dataarea>
		</part>
	</software>

	<!-- Version 3.0 -->

	<software name="wb30">
		<description>Workbench 3.0 Rev. 39.29</description>
		<year>1992</year>
		<publisher>Commodore</publisher>
		<part name="flop1" interface="floppy_3_5">
			<feature name="part_id" value="Install 3.0" />
			<dataarea name="flop" size="901120">
				<rom name="370126-02_install.adf" size="901120" crc="6fa2d2b4" sha1="ba24b4172339b9198e4f724a6804d0c6eb5e394b" />
			</dataarea>
		</part>
		<part name="flop2" interface="floppy_3_5">
			<!-- Probably good dump -->
			<feature name="part_id" value="Workbench 3.0" />
			<dataarea name="flop" size="901120">
				<rom name="370127-02_workbench.adf" size="901120" crc="a4d9752d" sha1="e663c92a9c88fa38d02bbb299bea8ce70c56b417" />
			</dataarea>
		</part>
		<part name="flop3" interface="floppy_3_5">
			<!-- Probably good dump -->
			<feature name="part_id" value="Extras 3.0" />
			<dataarea name="flop" size="901120">
				<rom name="370128-01_extras.adf" size="901120" crc="95da642d" sha1="74304711678ebd3287f816ae250b47bd4d8f5195" />
			</dataarea>
		</part>
		<part name="flop4" interface="floppy_3_5">
			<!-- Probably good dump -->
			<feature name="part_id" value="Locale 3.0" />
			<dataarea name="flop" size="901120">
				<rom name="370129-01_locale.adf" size="901120" crc="67835fe5" sha1="00d0670a9060ab7805dc2fa7e2e856b33a828043" />
			</dataarea>
		</part>
		<part name="flop5" interface="floppy_3_5">
			<!-- Probably good dump -->
			<feature name="part_id" value="Storage 3.0" />
			<dataarea name="flop" size="901120">
				<rom name="370150-01_storage.adf" size="901120" crc="0c8c24d5" sha1="93cab7cd05471e8fde63cb1d512b048cd593aebc" />
			</dataarea>
		</part>
		<part name="flop6" interface="floppy_3_5">
			<!-- This might be 370130-01 (intellifonts on disk) -->
			<feature name="part_id" value="Fonts 3.0" />
			<dataarea name="flop" size="901120">
				<rom name="fonts30a.adf" size="901120" crc="6a8188bb" sha1="ce0e9e7f03f26918333e120b2740407684d0b619" />
			</dataarea>
		</part>
		<part name="flop7" interface="floppy_3_5">
			<!-- This might be 370192-01 (intellifonts deleted, not recoverable) -->
			<feature name="part_id" value="Fonts 3.0 (without intellifonts)" />
			<dataarea name="flop" size="901120">
				<rom name="fonts30.adf" size="901120" crc="d7364bb4" sha1="4531651fe34a7f0a2dc1a1523ed4c2507670f5a6" />
			</dataarea>
		</part>
	</software>

	<!-- Version 3.1 -->

	<software name="wb31">
		<description>Workbench 3.1 Rev. 40.42</description>
		<year>1995</year>
		<publisher>ESCOM</publisher>
		<part name="flop1" interface="floppy_3_5">
			<!-- Verified dump -->
			<feature name="part_id" value="Install 3.1" />
			<dataarea name="flop" size="901120">
				<rom name="370299-98_install.adf" size="901120" crc="27b3c15a" sha1="96d1fa31a61a29f4c1fe7d4659e0e32a3fa6b5f8" />
			</dataarea>
		</part>
		<part name="flop2" interface="floppy_3_5">
			<!-- Verified dump -->
			<feature name="part_id" value="Workbench 3.1" />
			<dataarea name="flop" size="901120">
				<rom name="370300-98_workbench.adf" size="901120" crc="576b08f9" sha1="486ea9520e60051c20ec01329d5a0fe3bb10b4fc" />
			</dataarea>
		</part>
		<part name="flop3" interface="floppy_3_5">
			<!-- Verified dump -->
			<feature name="part_id" value="Locale 3.1" />
			<dataarea name="flop" size="901120">
				<rom name="370300-99_locale.adf" size="901120" crc="92f2770a" sha1="f4f360ef6b5cf560fe7d7999829aa2b9d536898e" />
			</dataarea>
		</part>
		<part name="flop4" interface="floppy_3_5">
			<!-- Verified dump -->
			<feature name="part_id" value="Extras 3.1" />
			<dataarea name="flop" size="901120">
				<rom name="370301-98_extras.adf" size="901120" crc="786a7c59" sha1="0a887f5e1f3b2f2af5b5d4c689cc00ea83414137" />
			</dataarea>
		</part>
		<part name="flop5" interface="floppy_3_5">
			<!-- Verified dump -->
			<feature name="part_id" value="Fonts 3.1" />
			<dataarea name="flop" size="901120">
				<rom name="370301-99_fonts.adf" size="901120" crc="a152083d" sha1="69f5e5b5ccb626b5aebf29e9ad2e7bd8864cc3c7" />
			</dataarea>
		</part>
		<part name="flop6" interface="floppy_3_5">
			<!-- Verified dump -->
			<feature name="part_id" value="Storage 3.1" />
			<dataarea name="flop" size="901120">
				<rom name="370299-99_storage.adf" size="901120" crc="b16ae967" sha1="5cfccf6d596fbafd75336a2f086c920e25b3fe50" />
			</dataarea>
		</part>
	</software>

	<software name="wb31_a4k" cloneof="wb31">
		<description>Workbench 3.1 Rev. 40.42 (A4000T)</description>
		<year>1995</year>
		<publisher>ESCOM</publisher>
		<part name="flop1" interface="floppy_3_5">
			<feature name="part_id" value="Install 3.1" />
			<dataarea name="flop" size="901120">
				<rom name="370299-97_install.adf" size="901120" status="nodump" />
			</dataarea>
		</part>
		<part name="flop2" interface="floppy_3_5">
			<feature name="part_id" value="Workbench 3.1" />
			<dataarea name="flop" size="901120">
				<rom name="370300-97_workbench.adf" size="901120" status="nodump" />
			</dataarea>
		</part>
		<part name="flop3" interface="floppy_3_5">
			<!-- Verified dump -->
			<feature name="part_id" value="Locale 3.1" />
			<dataarea name="flop" size="901120">
				<rom name="370300-99_locale.adf" size="901120" crc="92f2770a" sha1="f4f360ef6b5cf560fe7d7999829aa2b9d536898e" />
			</dataarea>
		</part>
		<part name="flop4" interface="floppy_3_5">
			<feature name="part_id" value="Extras 3.1" />
			<dataarea name="flop" size="901120">
				<rom name="370301-97_extras.adf" size="901120" status="nodump" />
			</dataarea>
		</part>
		<part name="flop5" interface="floppy_3_5">
			<!-- Verified dump -->
			<feature name="part_id" value="Fonts 3.1" />
			<dataarea name="flop" size="901120">
				<rom name="370301-99_fonts.adf" size="901120" crc="a152083d" sha1="69f5e5b5ccb626b5aebf29e9ad2e7bd8864cc3c7" />
			</dataarea>
		</part>
		<part name="flop6" interface="floppy_3_5">
			<!-- Verified dump -->
			<feature name="part_id" value="Storage 3.1" />
			<dataarea name="flop" size="901120">
				<rom name="370299-99_storage.adf" size="901120" crc="b16ae967" sha1="5cfccf6d596fbafd75336a2f086c920e25b3fe50" />
			</dataarea>
		</part>
	</software>

	<!-- Version 3.5 -->

	<software name="amigos35">
		<description>AmigaOS 3.5</description>
		<year>1999</year>
		<publisher>Haage &amp; Partner</publisher>
		<part name="cdrom" interface="cdrom">
			<diskarea name="cdrom">
				<disk name="amigaos35" sha1="6dcf1e5821717128ac2e763064f1ef31dee3ce8c" />
			</diskarea>
		</part>
	</software>

	<!-- Version 3.9 -->

	<software name="amigos39">
		<description>AmigaOS 3.9</description>
		<year>2000</year>
		<publisher>Haage &amp; Partner</publisher>
		<part name="cdrom" interface="cdrom">
			<diskarea name="cdrom">
				<disk name="amigaos39" sha1="c7917402016b3627e533d11b998e21dec2a31029" />
			</diskarea>
		</part>
	</software>

	<!-- Version 4.0 -->

	<software name="amigos40" supported="no">
		<description>AmigaOS 4.0 Classic</description>
		<year>2007</year>
		<publisher>Hyperion Entertainment</publisher>
		<part name="cdrom" interface="cdrom">
			<feature name="part_id" value="Classic Installation Disc" />
			<diskarea name="cdrom">
				<disk name="amiga_os4_0_classic_52_21" sha1="39570993166af8a26d84d4f91d4725b508aa8942" />
			</diskarea>
		</part>
	</software>

</softwarelist>
