<?xml version="1.0"?>
<!DOCTYPE softwarelist SYSTEM "softwarelist.dtd">
<!--
license:CC0-1.0
-->
<softwarelist name="attache" description="Otrona Attache disk images">

	<software name="cpm">
		<description>CP/M 2.2.5</description>
		<year>198?</year>
		<publisher>Digital Research</publisher>

		<part name="flop1" interface="floppy_5_25">
			<dataarea name="flop" size="306361">
				<rom name="attache_boot_2.2.5.imd" size="306361" crc="e34241ad" sha1="b35261c8644b285902eda4a102630d0aab67d211"/>
			</dataarea>
		</part>
	</software>

</softwarelist>
