<?xml version="1.0"?>
<!DOCTYPE softwarelist SYSTEM "softwarelist.dtd">
<!--
license:CC0-1.0
-->
<softwarelist name="c65_flop" description="Commodore 65 diskettes">

	<software name="demo">
		<description>C65 Demo</description>
		<year>2002</year>
		<publisher>K2</publisher>

		<part name="flop1" interface="floppy_3_5">
			<dataarea name="flop" size="819200">
				<rom name="demo.d81" size="819200" crc="dabb3256" sha1="61a5d638f6166e09d3bbbb12b653f6bf3fb2393f"/>
			</dataarea>
		</part>
	</software>

</softwarelist>
