<?xml version="1.0"?>
<!DOCTYPE softwarelist SYSTEM "softwarelist.dtd">
<!--
license:CC0-1.0
-->

<softwarelist name="dai_cass" description="DAI Personal Computer cassettes">
	<software name="biorythm">
		<description>Calcul du Biorythme (FR)</description>
		<year>198?</year>
		<publisher>&lt;unknown&gt;</publisher>
		<info name="usage" value="Press enter, then LOAD then RUN" />
		<part name="cass1" interface="dai_cass">
			<dataarea name="cass" size="3417434">
				<rom name="biorythme.wav" size="3417434" crc="e89fa182" sha1="0b10826f4ce86ca99749f78f7c4a7b8cf483b73e"/>
			</dataarea>
		</part>
	</software>

	<software name="dgraph">
		<description>Demonstration Graphique Dai (FR)</description>
		<year>198?</year>
		<publisher>&lt;unknown&gt;</publisher>
		<info name="usage" value="Press enter, then LOAD then RUN" />
		<part name="cass1" interface="dai_cass">
			<dataarea name="cass" size="9209948">
				<rom name="demographbv.wav" size="9209948" crc="2d864a6a" sha1="bdd11f68ce56c71430d52aab195946b4276100d2"/>
			</dataarea>
		</part>
	</software>

	<software name="dessin">
		<description>Programme de Dessin (FR)</description>
		<year>198?</year>
		<publisher>&lt;unknown&gt;</publisher>
		<info name="usage" value="Press enter, then LOAD then RUN" />
		<part name="cass1" interface="dai_cass">
			<dataarea name="cass" size="4020808">
				<rom name="dessin.wav" size="4020808" crc="75f37036" sha1="6080dd40e1e4a2cee8bbf7f1ca6c979ecffebbc5"/>
			</dataarea>
		</part>
	</software>

	<software name="lewiscar">
		<description>Lewis Carroll (FR)</description>
		<year>198?</year>
		<publisher>&lt;unknown&gt;</publisher>
		<info name="usage" value="Press enter, then LOAD then RUN" />
		<part name="cass1" interface="dai_cass">
			<dataarea name="cass" size="5123796">
				<rom name="lewiscarrol.wav" size="5123796" crc="8b853469" sha1="6ce37dcbbafd5226de51cceb58e3d952cf588c50"/>
			</dataarea>
		</part>
	</software>

	<software name="morpion">
		<description>Jeu de Morpion (FR)</description>
		<year>198?</year>
		<publisher>&lt;unknown&gt;</publisher>
		<info name="usage" value="Press enter, then LOAD then RUN" />
		<part name="cass1" interface="dai_cass">
			<dataarea name="cass" size="4866728">
				<rom name="morpion.wav" size="4866728" crc="eef0df58" sha1="52273192a236eb2a3b5ab96949e672052128c414"/>
			</dataarea>
		</part>
	</software>

	<software name="nautilus">
		<description>Chasse Sous-marine (FR)</description>
		<year>198?</year>
		<publisher>&lt;unknown&gt;</publisher>
		<info name="usage" value="Press enter, then LOAD then RUN" />
		<part name="cass1" interface="dai_cass">
			<dataarea name="cass" size="9359566">
				<rom name="nautilus.wav" size="9359566" crc="c31d2ef8" sha1="311db74761013a80b6b323c0de081a8dedb17590"/>
			</dataarea>
		</part>
	</software>

	<software name="premier">
		<description>Colour Test</description>
		<year>198?</year>
		<publisher>&lt;unknown&gt;</publisher>
		<info name="usage" value="Press enter, then LOAD then RUN" />
		<part name="cass1" interface="dai_cass">
			<dataarea name="cass" size="507438">
				<rom name="premier.wav" size="507438" crc="7d3ab866" sha1="7c2e4024e6f3b7909e7b490ccb5eae871cac1cb9"/>
			</dataarea>
		</part>
	</software>

	<software name="random">
		<description>Random</description>
		<year>198?</year>
		<publisher>&lt;unknown&gt;</publisher>
		<info name="usage" value="Press enter, then LOAD then RUN" />
		<part name="cass1" interface="dai_cass">
			<dataarea name="cass" size="449206">
				<rom name="random.wav" size="449206" crc="1a8a5505" sha1="a5a20822292713f714f50f3c20d01d6c97bedb9f"/>
			</dataarea>
		</part>
	</software>

	<software name="acrobat" supported="no"><!-- Runs, but needs joystick support -->
		<description>De Acrobaten (NL)</description>
		<year>198?</year>
		<publisher>&lt;unknown&gt;</publisher>
		<info name="usage" value="Press enter, then UT then Z3 then R then G400" />
		<part name="cass1" interface="dai_cass">
			<dataarea name="cass" size="8474728">
				<rom name="2bis.wav" size="8474728" crc="0d5a3bcf" sha1="2a3b9e93da0753c423787e36716e16ca9480104f"/>
			</dataarea>
		</part>
	</software>

</softwarelist>
