<?xml version="1.0"?>
<!DOCTYPE softwarelist SYSTEM "softwarelist.dtd">
<!--
license:CC0-1.0
-->
<softwarelist name="easy_karaoke_cart" description="IVL Technologies Easy Karaoke cartridges">
	<!--
	YMCA                                        The Village People
	I Will Always Love You                      Whitney Houston
	Summer Nights                               Grease
	Hey Jude                                    The Beatles
	Hotel California                            The Eagles
	American Pie                                Madonna
	Blue Monday                                 New Order
	My Heart Will Go On                         Celine Dion
	Nothing Compares 2 U                        Sinead O'Connor
	Everything I Do                             Bryan Adams
	-->
	<software name="ekgg1" supported="no">
		<description>Golden Greats Vol.1</description>
		<year>2004</year>
		<publisher>IVL Technologies</publisher>
		<part name="cart" interface="easy_karaoke_cart">
			<dataarea name="rom" size="0x80000">
				<rom name="MX29LV040.U4" size="0x80000" crc="5119b390" sha1="9703f3b753ac22f3d0e18d8aefa479814c73110c" />
			</dataarea>
			<dataarea name="mcu" size="0x2000">
				<rom name="IC89LV52A-24PQ.U1" size="0x2000" status="nodump" />
			</dataarea>
		</part>
	</software>

	<!--
	My Way                                      Frank Sinatra
	Daydream believer                           The Monkees
	Build me up buttercup                       The Foundations
	The Best                                    Tina Turner
	How do I live                               Leanne Rimes
	I will survive                              Gloria Gaynor
	Candle in the wind 97                       Elton John
	If tomorrow never comes                     Ronan Keating
	Stand by me                                 Ben E. King
	Words                                       Boyzone
	-->
	<software name="ekgg2" supported="no">
		<description>Golden Greats Vol.2</description>
		<year>2004</year>
		<publisher>IVL Technologies</publisher>
		<part name="cart" interface="easy_karaoke_cart">
			<dataarea name="rom" size="0x80000">
				<rom name="IVL_S033I.U3" size="0x80000" crc="e4b1e82e" sha1="2db2162e0a86fc82e1978a5f21ea46e5ccde5f6d" />
			</dataarea>
			<dataarea name="mcu" size="0x2000">
				<rom name="IC89LV52A-24PQ.U1" size="0x2000" status="nodump" />
			</dataarea>
		</part>
	</software>

	<!--
	Black velvet                                Alannah Myles
	Hello                                       Lionel Richie
	Hero                                        Mariah Carey
	I wanna hold your hand                      The Beatles
	Imagine                                     John Lennon
	Like a virgin                               Madonna
	New York New York                           Frank Sinatra
	Suspicious minds                            Elvis Presley
	Wannabe                                     The Spice girls
	Your song                                   Elton John
	-->
	<software name="ekgg3" supported="no">
		<description>Golden Greats Vol.3</description>
		<year>2004</year>
		<publisher>IVL Technologies</publisher>
		<part name="cart" interface="easy_karaoke_cart">
			<dataarea name="rom" size="0x80000">
				<rom name="MX29LV040.U4" size="0x80000" crc="163e6f6d" sha1="baa95437161459d3874fe0576a813907d2ee7869" />
			</dataarea>
			<dataarea name="mcu" size="0x2000">
				<rom name="IC89LV52A-24PQ.U1" size="0x2000" status="nodump" />
			</dataarea>
		</part>
	</software>

	<!--
	Always on my mind                           Elvis Presley
	Can't buy me love                           The Beatles
	Crazy                                       Patsy Cline
	Don't let the sun go down on me             Elton John & George Michael
	Don't you want me                           Human League
	Killing me softly                           The Fugees
	Like a Prayer                               Madonna
	Love is all around                          Wet Wet Wet
	You're still the one                        Shania Twain
	You're the one that I want                  Grease
	-->
	<software name="ekgg4" supported="no">
		<description>Golden Greats Vol.4</description>
		<year>2004</year>
		<publisher>IVL Technologies</publisher>
		<part name="cart" interface="easy_karaoke_cart">
			<dataarea name="rom" size="0x80000">
				<rom name="MX29LV040.U4" size="0x80000" crc="41587eea" sha1="efe29e7dfae91c1f5d0fd196197c3021e8907b58" />
			</dataarea>
			<dataarea name="mcu" size="0x2000">
				<rom name="IC89LV52A-24PQ.U1" size="0x2000" status="nodump" />
			</dataarea>
		</part>
	</software>

	<!--
	Beautiful                                   Christina Aguilera
	Hero                                        Enrique Iglesias
	Dilemma                                     Nelly & Kelly
	All the things she said                     Tatu
	Kiss kiss                                   Holly Valence
	A little less conversation                  Elvis Vs JXL
	Cheeky song                                 Cheeky Girls
	Eternal flame                               Atomic Kitten
	Evergreen                                   Will Young
	Mambo No. 5                                 Lou Bega
	-->
	<software name="ekmh1" supported="no">
		<description>Mega Hits Vol.1</description>
		<year>2004</year>
		<publisher>IVL Technologies</publisher>
		<part name="cart" interface="easy_karaoke_cart">
			<dataarea name="rom" size="0x80000">
				<rom name="MX29LV040.U4" size="0x80000" crc="5d9b69fd" sha1="aeb39029f351ab3aff213e832c5e83cfdfc91355" />
			</dataarea>
			<dataarea name="mcu" size="0x2000">
				<rom name="IC89LV52A-24PQ.U1" size="0x2000" status="nodump" />
			</dataarea>
		</part>
	</software>

	<!--
	Rock your body                              Justin Timberlake
	Can't get you out of my head                Kylie Minogue
	Just a little                               Liberty X
	Whole again                                 Atomic Kitten
	Whenever wherever                           Shakira
	Angels                                      Robbie Williams
	Unchained melody                            Gareth Gates
	Stole                                       Kelly Rowland
	Macarena                                    Los Del Rio
	Genie in a bottle                           Christina Aguilera
	-->
	<software name="ekmh2" supported="no">
		<description>Mega Hits Vol.2</description>
		<year>2004</year>
		<publisher>IVL Technologies</publisher>
		<part name="cart" interface="easy_karaoke_cart">
			<dataarea name="rom" size="0x80000">
				<rom name="29lv040.u4" size="0x80000" crc="3affd9b1" sha1="658f35d664779041d445e085f8bbcf2301dac3e8" />
			</dataarea>
			<dataarea name="mcu" size="0x2000"> <!-- XTAL: 24DBBJK3 -->
				<rom name="IC89LV52A-24PQ.U1" size="0x2000" status="nodump" />
			</dataarea>
		</part>
	</software>

	<!--
	Breathe Easy                                Blue
	Cha Cha Slide                               DJ Casper
	Dragostea Din Tei                           O-Zone
	Hey Ya                                      Outkast
	Left Outside Alone                          Anastasia
	Mad World                                   Michael Andrews Feat. Gary Jules
	Superstar                                   Jamelia
	Sweet Dreams (My LA Ex)                     Rachel Stevens
	Toxic                                       Britney Spears
	Where Is The Love                           Black Eyed Peas
	-->
	<software name="ekmh3" supported="no">
		<description>Mega Hits Vol.3</description>
		<year>2004</year>
		<publisher>IVL Technologies</publisher>
		<part name="cart" interface="easy_karaoke_cart">
			<dataarea name="rom" size="0x80000">
				<rom name="MX29LV040.U4" size="0x80000" crc="23d09988" sha1="c368acab9a867839b379aeec2c95601c82118aef" />
			</dataarea>
			<dataarea name="mcu" size="0x2000">
				<rom name="IC89LV52A-24PQ.U1" size="0x2000" status="nodump" />
			</dataarea>
		</part>
	</software>

	<!--
	17 ans                                      Claude François
	Complicated                                 Avril Lavigne
	Don't Know Why                              Norah Jones
	Etoile des neiges                           Line Renaud
	Je me voyais déjà                           Charles Aznavour
	L'idole des jeunes                          Johnny Hallyday
	Ma meilleure amie                           Laurie
	Mambo No. 5  (A Little Bit Of...)           Lou Bega
	Sail On                                     Lionel Richie
	What's Going On                             Marvin Gaye
	-->
	<software name="karamsc1" supported="no">
		<description>KaraokeMicro Star Cartouche 1</description>
		<year>2003</year>
		<publisher>IVL Technologies / Lexibook</publisher>
		<part name="cart" interface="easy_karaoke_cart">
			<dataarea name="rom" size="0x80000">
				<rom name="ics0321-a.u3" size="0x80000" crc="b0c76017" sha1="1a645b83528f58b8c3e8d8950c05babc37411b49" />
			</dataarea>
			<dataarea name="mcu" size="0x2000">
				<rom name="IC89LV52A-24PQ.U1" size="0x2000" status="nodump" />
			</dataarea>
		</part>
	</software>

	<!--
	Ain't It Funny                              Jennifer Lopez
	Just Like A Pill                            Pink
	I'm A Slave 4 U                             Britney Spears
	Three Times A Lady                          Lionel Richie
	You Can't Hurry Love                        Diana Ross And The Supremes
	Banana Split                                Lio
	J'attendrai                                 Claude François
	Tout tout pour ma chérie                    Michel Polnareff
	Bienvenue à Paris                           Bill Baxter
	Vacances j'oublie tout                      Elegance
	-->
	<software name="karamsc2" supported="no">
		<description>KaraokeMicro Star Cartouche 2</description>
		<year>2003</year>
		<publisher>IVL Technologies / Lexibook</publisher>
		<part name="cart" interface="easy_karaoke_cart">
			<dataarea name="rom" size="0x80000">
				<rom name="ics0322-a.u3" size="0x80000" crc="d6cb51fe" sha1="98a819487ae8b25459e102710ce4325fbd39ce10" />
			</dataarea>
			<dataarea name="mcu" size="0x2000">
				<rom name="IC89LV52A-24PQ.U1" size="0x2000" status="nodump" />
			</dataarea>
		</part>
	</software>

	<!--
	Come Away With Me                           Norah Jones
	Donne-moi le temps                          Jenifer
	Encore                                      Diadems
	J'attendrai                                 Belle Belle Belle
	L'orange                                    Star Academy 3
	La Bamba                                    Star Academy 3
	Rien ne me changera                         Jonatan Cerrada
	Tant que c'est toi                          Natasha St Pier
	Tchouk Tchouk Musik                         Priscilla
	Toutes les femmes de ta vie                 L5
	-->
	<software name="karamsc3" supported="no">
		<description>KaraokeMicro Star Cartouche 3</description>
		<year>2004</year>
		<publisher>IVL Technologies / Lexibook</publisher>
		<part name="cart" interface="easy_karaoke_cart">
			<dataarea name="rom" size="0x80000">
				<rom name="27V40.u3" size="0x80000" crc="33047ac7" sha1="bea9197646ba5a9f8c842363149b1b1ec7b9aada" />
			</dataarea>
			<dataarea name="mcu" size="0x2000">
				<rom name="IC89LV52A-24PQ.U1" size="0x2000" status="nodump" />
			</dataarea>
		</part>
	</software>

	<!--
	Bare Necessities                            The Jungle Book
	Call Me, Beep Me                            Kim Possible
	Hakuna Matata                               The Lion King
	Home                                        Beauty and the Beast - Musical
	Oo-De-Lally                                 Robin Hood
	Put It Together                             Cinderella
	So This Is Love                             Cinderella
	What Dreams Are Made Of                     Lizzie McGuire
	You Can Fly! You Can Fly! You Can Fly!      Peter Pan
	You'll Be In My Heart                       Tarzan
	-->
	<software name="dkp2" supported="no">
		<description>Disney Princess 10-Song Karaoke Cartridge II (DK-P2)</description>
		<year>2003</year>
		<publisher>IVL Technologies / Memcorp Inc / Disney</publisher>
		<part name="cart" interface="easy_karaoke_cart">
			<dataarea name="rom" size="0x80000">
				<rom name="dk-p2.bin" size="0x80000" crc="d9d340c5" sha1="da906d7f22a2ea8bc62171c833985b81d71410a3" />
			</dataarea>
			<dataarea name="mcu" size="0x2000">
				<rom name="IC89LV52A-24PQ.U1" size="0x2000" status="nodump" />
			</dataarea>
		</part>
	</software>

	<!--
	Cruella De Vil                              101 Dalmations
	He's A Tramp                                Lady And The Tramp
	I Wan'na Be Like You (The Monkey Song)      The Jungle Book
	If I Didn't Have You                        Monsters Inc.
	It's A Small World                          New York World's Fair
	Open Your Eyes (To Love)                    Lizzie McGuire
	Part Of Your World                          The Little Mermaid
	Something There                             Beauty and the Beast
	You've Got A Friend In Me                   Toy Story
	Zip-A-Dee-Do-Dah                            Song of the South
	-->
	<software name="dkp3" supported="no">
		<description>Disney Princess 10-Song Karaoke Cartridge III (DK-P3)</description>
		<year>2003</year>
		<publisher>IVL Technologies / Memcorp Inc / Disney</publisher>
		<part name="cart" interface="easy_karaoke_cart">
			<dataarea name="rom" size="0x80000">
				<rom name="dk-p3.bin" size="0x80000" crc="2c9ec515" sha1="0efb1b7f513cc27084a3ef7c18290456f903decd" />
			</dataarea>
			<dataarea name="mcu" size="0x2000">
				<rom name="IC89LV52A-24PQ.U1" size="0x2000" status="nodump" />
			</dataarea>
		</part>
	</software>

</softwarelist>
