<?xml version="1.0"?>
<!DOCTYPE softwarelist SYSTEM "softwarelist.dtd">
<!--
license:CC0-1.0
-->
<softwarelist name="ekara_japan_a" description="Takara e-pitch / e-kara (Japan) A-x series cartridges">
	<!-- cartridges contain the ROM only, the XaviX CPU and BIOS are in the base unit

	***********************************************************************************

	Japanese cart listing (by A code)  (A-x on cartridge)

	These are for use with e-pitch / e-kara (e-pitch internal ROM is the same as e-kara Japan, just button layout is changed)

	https://detail.chiebukuro.yahoo.co.jp/qa/question_detail/q10109392860

	* = dumped

	*A-1   Pichi Pichi Pitch vol.1 / ぴちぴちピッチvol.1
	*A-2   Pichi Pichi Pitch vol.2 / ぴちぴちピッチvol.2
	*A-3   Pichi Pichi Pitch vol.3 / ぴちぴちピッチvol.3
	*A-4   Pichi Pichi Pitch Pure Chapter 1 / ぴちぴちピッチピュア第１章
	*A-5   Pichi Pichi Pitch Karaoke Party / ぴちぴちピッチカラオケパーティー
	*A-6   Pichi Pichi Pitch Pure Chapter 2 / ぴちぴちピッチピュア第２章
	*A-7   Pichi Pichi Pitch Pure Chapter 3 / ぴちぴちピッチピュア第３章
	*A-8   Pichi Pichi Pitch Karaoke Party 2 / ぴちぴちピッチカラオケパーティー２

	-->

	<software name="a1" supported="no">
		<description>A-1 Mermaid Melody Pichi Pichi Pitch vol.1 (Japan)</description>
		<year>2003</year>
		<publisher>Takara</publisher>
		<info name="alt_title" value="マーメイドメロディー ぴちぴちピッチ vol.1" />
		<part name="cart" interface="ekara_cart">
			<feature name="slot" value="rom_24c08_epitch"/>
			<dataarea name="rom" size="0x200000">
				<rom name="ekaraa1.bin" size="0x200000" crc="5f69a977" sha1="33e7b453e1e78ac5e4a20c81c00f5c0c1260c6b0"/>
			</dataarea>
		</part>
	</software>

	<software name="a2" supported="no">
		<description>A-2 Mermaid Melody Pichi Pichi Pitch vol.2 (Japan)</description>
		<year>2003</year>
		<publisher>Takara</publisher>
		<info name="alt_title" value="マーメイドメロディー ぴちぴちピッチ vol.2" />
		<part name="cart" interface="ekara_cart">
			<feature name="slot" value="rom_24c08_epitch"/>
			<dataarea name="rom" size="0x200000">
				<rom name="ekara_a2.bin" size="0x200000" crc="b6fef794" sha1="be006eacd157f9c2d896730d66f1cd746ad7b9b4"/>
			</dataarea>
		</part>
	</software>

	<software name="a3" supported="no">
		<description>A-3 Mermaid Melody Pichi Pichi Pitch vol.3 (Japan)</description>
		<year>2004</year>
		<publisher>Takara</publisher>
		<info name="alt_title" value="マーメイドメロディー ぴちぴちピッチ vol.3" />
		<part name="cart" interface="ekara_cart">
			<feature name="slot" value="rom_24c08_epitch"/>
			<dataarea name="rom" size="0x200000">
				<rom name="ekara_a3.bin" size="0x200000" crc="19b79adf" sha1="31f82e8bf66f1b03df9d64061af628df3466c5ef"/>
			</dataarea>
		</part>
	</software>

	<software name="a4" supported="no">
		<description>A-4 Pichi Pichi Pitch Pure Dai 1-shō (Japan)</description>
		<year>2004</year>
		<publisher>Takara</publisher>
		<info name="alt_title" value="ぴちぴちピッチ ピュア第1章" />
		<part name="cart" interface="ekara_cart">
			<feature name="slot" value="rom_24c08_epitch"/>
			<dataarea name="rom" size="0x200000">
				<rom name="ekaraa4.bin" size="0x200000" crc="03dcc45a" sha1="ae884128c09b4fc7521f0010bbe9624419a3d0b8"/>
			</dataarea>
		</part>
	</software>

	<software name="a5">
		<description>A-5 Pichi Pichi Pitch Karaoke Party (Japan)</description>
		<year>2004</year>
		<publisher>Takara</publisher>
		<info name="alt_title" value="ぴちぴちピッチ カラオケパーティー" />
		<part name="cart" interface="ekara_cart">
			<dataarea name="rom" size="0x100000">
				<rom name="ekaraa5.bin" size="0x100000" crc="6cec888a" sha1="5cb4abefb4a5aaec8827bf2d6abc2dfda8099136"/>
			</dataarea>
		</part>
	</software>

	<software name="a6">
		<description>A-6 Pichi Pichi Pitch Pure Dai 2-shō (Japan)</description>
		<year>2004</year>
		<publisher>Takara</publisher>
		<info name="alt_title" value="ぴちぴちピッチ ピュア第2章" />
		<part name="cart" interface="ekara_cart">
			<feature name="slot" value="rom_24c08_epitch"/>
			<dataarea name="rom" size="0x200000">
				<rom name="ekaraa6.bin" size="0x200000" crc="1a554414" sha1="cf8e5dcca9ac2b757482113f98dd8a75b3bc20a4"/>
			</dataarea>
		</part>
	</software>

	<software name="a7" supported="no">
		<description>A-7 Pichi Pichi Pitch Pure Dai 3-shō (Japan)</description>
		<year>2004</year>
		<publisher>Takara</publisher>
		<info name="alt_title" value="ぴちぴちピッチ ピュア第3章" />
		<part name="cart" interface="ekara_cart">
			<feature name="slot" value="rom_24c08_epitch"/>
			<dataarea name="rom" size="0x200000">
				<rom name="ekaraa7.bin" size="0x200000" crc="5b59900e" sha1="fdb8148211f00d0119b9ad082bf8fd348d509800"/>
			</dataarea>
		</part>
	</software>

	<software name="a8" >
		<description>A-8 Pichi Pichi Pitch Karaoke Party 2 (Japan)</description>
		<year>2004</year>
		<publisher>Takara</publisher>
		<info name="alt_title" value="ぴちぴちピッチ カラオケパーティー2" />
		<part name="cart" interface="ekara_cart">
			<dataarea name="rom" size="0x100000">
				<rom name="ekaraa8.bin" size="0x100000" crc="252ce01f" sha1="2b4c06f7a636d4b8179bf25cb08f6e07b6366bb0"/>
			</dataarea>
		</part>
	</software>

</softwarelist>
