<?xml version="1.0"?>
<!DOCTYPE softwarelist SYSTEM "softwarelist.dtd">
<!--
license:CC0-1.0
-->
<softwarelist name="ekara_japan_packin" description="Takara e-kara (Japan) Pack-in cartridges">
	<!-- cartridges contain the ROM only, the XaviX CPU and BIOS are in the base unit -->

	<!--
	These are bundled/pack-in cartridges that don't appear to be part of any other series.
	Some pack-in carts were just part of the regular line-ups instead, eg S-1 with the
	Hello Kitty units, those are in their respective lists.

	The numbering for the ones here is a little unusual

	Both KR-1 and PR-06 cart have 'AC0009' on the PCB (along with a PR0006 sticker)

	*KR-1      Kirarin Revolution (comes in kira kara Starter Set bundled with Kirarin Revolution microphone) (inside cart is marked AC0009-KIR)
	*PR-06     Misora Hibari (inside cart is marked AC0009)
	*BX01-MOR  Morning Musume Special (sticker inside cart is marked CS019-004A)

	The following cartridges with 'PR' codes have also been seen, they appear to be single song cartridges
	and it is unknown how they were distributed (maybe pack-ins, but no pack-in box has been identified)
	These are bright pink in colour with blue/white paper labels

	PR-01 MNG  (c)2002   Morning Musume - I'm Here!
	PR-02 AYY  (c)2003   Aya Matsuura - Prairies Man

	maybe PR03 to PR05 also exist?

	(more?)

	-->

	<software name="kr1" supported="no">
		<description>Kirarin Revolution KR-1 (Japan)</description>
		<year>2007</year>
		<publisher>Takara</publisher>
		<info name="alt_title" value="きらりん☆レボリューション" />
		<part name="cart" interface="ekara_cart">
			<dataarea name="rom" size="0x100000">
				<rom name="ekara_ac0009-kir.bin" size="0x100000" crc="351c99c3" sha1="86c2d231d0d07f5e214e19f49dc1bda3aac42eb0"/>
			</dataarea>
		</part>
	</software>

	<software name="pr06" supported="no">
		<description>Misora Hibari PR-06 (Japan)</description>
		<year>2006</year>
		<publisher>Takara</publisher>
		<info name="alt_title" value="美空ひばり" />
		<part name="cart" interface="ekara_cart">
			<dataarea name="rom" size="0x100000">
				<rom name="PR-06.u1" size="0x100000" crc="a08a5e06" sha1="c0abd221733002ab120e44f01c59d478547fc0d3"/>
			</dataarea>
		</part>
	</software>

	<!-- these are also pack-in cartridges, but don't fit elsewhere -->

	<!-- CS019-004A on a sticker inside the cartridge -->
	<software name="bx01">
		<description>Saiten Cartridge: Morning Musume Special (Japan) (BX01-MOR)</description>
		<year>2001</year>
		<publisher>Takara</publisher>
		<info name="alt_title" value="採点カートリッジ モーニング娘。スペシャル" />
		<part name="cart" interface="ekara_cart">
			<dataarea name="rom" size="0x100000">
				<rom name="bx01-mor.u1" size="0x100000" crc="51a55097" sha1="44345f5ead30288cde83f023f7aabbecb2a53d63"/>
			</dataarea>
		</part>
	</software>

</softwarelist>
