<?xml version="1.0"?>
<!DOCTYPE softwarelist SYSTEM "softwarelist.dtd">
<!--
license:CC0-1.0
-->
<softwarelist name="ekara_japan_m" description="Takara e-kara (Japan) Saiten Cartridge mini series (M-xx / MCxxxx-)">
	<!-- cartridges contain the ROM only, the XaviX CPU and BIOS are in the base unit

	Sen'yō Saiten Cartridge mini (専用採点カートリッジ mini) series
	Japanese cart listing (by M code) (M-x on cartridge / box, MC in cart identifier code)

	M-1  *MC0001-ATM  Artist Mini Volume 1 (Aya Matsuura)
	M-2   MC0002-ATM  Artist Mini Volume 2 (untranslated artist)
	M-3  *MC0003-ATM  Artist Mini Volume 3 (Morning Musume)
	M-4  *MC0004-ATM  Artist Mini Volume 4 (w-inds)
	M-5  *MC0005-KSM  Kids Song Mini Volume 1 (TV Song)
	M-6  *MC0006-KSM  Kids Song Mini Volume 2 (TV Hero)
	M-7  *MC0007-ATM  Artist Mini Volume 5 (SMAP, KinKi Kids, ARASHI, TOKIO)
	M-8   MC0008-     Kids Song Mini Volume 3?
	M-9   MC0009-     JPop Mix Mini Volume 1
	M-10 *MC0010-ATM  Artist Mini Volume 6 (Utada Hikaru)
	M-11  MC0011-     Kids Song Mini Volume 4 (Fantastic)
	M-12 *MC0012-ATM  Artist Mini Volume 7 (Ayumi Hamasaki)
	M-13 *MC0013-KSM  Kids Song Mini Volume 5
	M-14 *MC0014-ATM  Artist Mini Volume 8 (BoA)
	M-15 *MC0015-TPM  TV Pop Mini Volume 1
	M-16  MC0016-ATM  Artist Mini Volume 9  (Yamaguchi Momoe)
	M-17  MC0017-     TV Pop Mini Volume 2?

	unsure of KSM / TMP naming,  MC0005/0006/0008/0011/0013/0015/0017 all seem to be the same series
	but might have different 3 letter codes

	(more? what's the M highest number?)

	-->

	<!-- Japanese e-kara cartridges MC (Mini) series -->
	<!-- these have unique presentation -->

	<software name="mc0001">
		<description>Artist Mini Volume 1 (Matsuura Aya) (Japan) (MC0001-ATM)</description>
		<year>2003</year>
		<publisher>Takara</publisher>
		<info name="alt_title" value="アーティストミニ mini vol.1"/>
		<part name="cart" interface="ekara_cart">
			<dataarea name="rom" size="0x080000">
				<rom name="mc0001-atm.u1" size="0x080000" crc="3ef59e82" sha1="d10f0b4a174bef736fea538028eacbeb46af5bbd"/>
			</dataarea>
		</part>
	</software>

	<software name="mc0003">
		<description>Artist Mini Volume 3 (Morning Musume) (Japan) (MC0003-ATM)</description>
		<year>2003</year>
		<publisher>Takara</publisher>
		<info name="alt_title" value="アーティストミニ mini vol.3 (モーニング娘)"/>
		<part name="cart" interface="ekara_cart">
			<dataarea name="rom" size="0x080000">
				<rom name="mc0003-atm.u1" size="0x080000" crc="d9778b40" sha1="55c875d0925c031320ccf7affe721bd07ef6175b"/>
			</dataarea>
		</part>
	</software>

	<software name="mc0004">
		<description>Artist Mini Volume 4 (w-inds) (Japan) (MC0004-ATM)</description>
		<year>2003</year>
		<publisher>Takara</publisher>
		<info name="alt_title" value="アーティストミニ mini vol.4 (w-inds.)"/>
		<part name="cart" interface="ekara_cart">
			<dataarea name="rom" size="0x080000">
				<rom name="mc0004-atm.u1" size="0x080000" crc="e9ba14c1" sha1="3cad1a6b0d1ba24dfb6c1aec84a6d87816b16d54"/>
			</dataarea>
		</part>
	</software>

	<software name="mc0005">
		<description>Kids Song Mini Volume 1 (TV Song) (Japan) (MC0005-KSM)</description>
		<year>2003</year>
		<publisher>Takara</publisher>
		<info name="alt_title" value="キッズソングミニ mini vol.1 (TVソング)"/>
		<part name="cart" interface="ekara_cart">
			<dataarea name="rom" size="0x080000">
				<rom name="mc0005-ksm.u1" size="0x080000" crc="a84c6d0d" sha1="dee82de4609ec93ed5152d01860e59d8693b9736"/>
			</dataarea>
		</part>
	</software>

	<software name="mc0006">
		<description>Kids Song Mini Volume 2 (TV Hero) (Japan) (MC0006-KSM)</description>
		<year>2003</year>
		<publisher>Takara</publisher>
		<info name="alt_title" value="キッズソングミニ mini vol.2 (TVヒーロー)"/>
		<part name="cart" interface="ekara_cart">
			<dataarea name="rom" size="0x080000">
				<rom name="mc0006-ksm.u1" size="0x080000" crc="6d3c8c02" sha1="568a0e156a2189156149578277b6d615fe4e157f"/>
			</dataarea>
		</part>
	</software>

	<software name="mc0007">
		<description>Artist Mini Volume 5 (SMAP, KinKi Kids, ARASHI, TOKIO) (Japan) (MC0007-ATM)</description>
		<year>2003</year>
		<publisher>Takara</publisher>
		<info name="alt_title" value="アーティストミニ mini vol.5 (SMAP・KinKi Kids・嵐 他)"/>
		<part name="cart" interface="ekara_cart">
			<dataarea name="rom" size="0x080000">
				<rom name="mc0007-atm.u1" size="0x080000" crc="a9a19914" sha1="556adfad645ae635901b690ee57173766a5e497a"/>
			</dataarea>
		</part>
	</software>

	<software name="mc0010">
		<description>Artist Mini Volume 6 (Utada Hikaru) (Japan) (MC0010-ATM)</description>
		<year>2003</year>
		<publisher>Takara</publisher>
		<info name="alt_title" value="アーティストミニ mini vol.6 (宇多田ヒカル)"/>
		<part name="cart" interface="ekara_cart">
			<dataarea name="rom" size="0x080000">
				<rom name="mc0010-atm.u1" size="0x080000" crc="aae13f60" sha1="87ea122aebb467ebc4785482961160766db90fcd"/>
			</dataarea>
		</part>
	</software>

	<software name="mc0012">
		<description>Artist Mini Volume 7 (Hamasaki Ayumi) (Japan) (MC0012-ATM)</description>
		<year>2003</year>
		<publisher>Takara</publisher>
		<info name="alt_title" value="アーティストミニ mini vol.7 (浜崎あゆみ)"/>
		<part name="cart" interface="ekara_cart">
			<dataarea name="rom" size="0x080000">
				<rom name="mc0012-atm.u1" size="0x080000" crc="f31d3de9" sha1="41e4de960b2f348a4bed3b9b6d51229878e8c8f3"/>
			</dataarea>
		</part>
	</software>

	<software name="mc0013">
		<description>Kids Song Mini Volume 5 (Japan) (MC0013-KSM)</description>
		<year>2003</year>
		<publisher>Takara</publisher>
		<info name="alt_title" value="キッズソングミニ mini vol.5"/>
		<part name="cart" interface="ekara_cart">
			<dataarea name="rom" size="0x080000">
				<rom name="mc0013-ksm.u1" size="0x080000" crc="db05eafa" sha1="b58efcc41ad8d5571c319e0d88fa8a3d9badbe93"/>
			</dataarea>
		</part>
	</software>

	<software name="mc0014">
		<description>Artist Mini Volume 8 (BoA) (Japan) (MC0014-ATM)</description>
		<year>2003</year>
		<publisher>Takara</publisher>
		<info name="alt_title" value="アーティストミニ mini vol.8 (BoA)"/>
		<part name="cart" interface="ekara_cart">
			<dataarea name="rom" size="0x080000">
				<rom name="mc0014-atm.u1" size="0x080000" crc="170e02af" sha1="02b38146db7d74727f7dccf6dcc3d004979210a1"/>
			</dataarea>
		</part>
	</software>

	<software name="mc0015">
		<description>TV Pop Mini Vol.1 (Japan) (MC0015-TPM)</description>
		<year>2003</year>
		<publisher>Takara</publisher>
		<info name="alt_title" value="TV POPミニ mini vol.1"/>
		<part name="cart" interface="ekara_cart">
			<dataarea name="rom" size="0x080000">
				<rom name="mc0015-tpm.u1" size="0x080000" crc="c0e87576" sha1="c239c22499591b85bdb2737d22417489a02ffb44"/>
			</dataarea>
		</part>
	</software>

</softwarelist>
