<?xml version="1.0"?>
<!DOCTYPE softwarelist SYSTEM "softwarelist.dtd">
<!--
license:CC0-1.0
-->
<softwarelist name="ekara_japan_d" description="Takara e-kara (Japan) Dream Cartridge series (D-xx / DCxxxx-)">
	<!-- cartridges contain ROM + SEEPROM only, the XaviX CPU and BIOS are in the base unit

	***********************************************************************************

	Dream Cartridge (ドリームカートリッジ) series
	Japanese cart listing (by D code)  (D-xx on cartridge / box, DC in cart identifier code)
	 * = dumped

	These are for use with 4 units
	1. e-Kara
	2. Taiko De Popira
	3. Popira
	4. Popira 2

	note BAT and BHT aren't the same series

	*D-1   DC0001-BHT  Best Hit Volume 8 (most other BHT carts are in G series or P series)
	*D-2   DC0002-BAT  Best Artist Volume 6
	*D-3   DC0003-BHT  Best Hit Volume 9
	 D-4   DC0004-TPJ  TV Pop Junior Volume 8
	*D-5   DC0005-TPJ  TV Pop Junior Volume 9
	*D-6   DC0006-BHT  Best Hit Volume 10
	 D-7   DC0007-KID  Kids' Song Volume 4 (volumes 1, 2 and 3 are in the main EC series)
	*D-8   DC0008-BAT  Best Artist Volume 7
	 D-9   DC0009-TPJ  TV Pop Junior (no volume number on cover)

	(more? what's the D highest number?)

	-->

	<!-- The first two releases will show Dream Cartridge Volume 1 or 2 (series details) when used with Popira, rather than the cartridge title -->
	<software name="dc0001">
		<description>Dream Cartridge: Best Hit Vol.8 (Japan) (DC0001-BHT)</description>
		<year>2003</year>
		<publisher>Takara</publisher>
		<info name="alt_title" value="ドリームカートリッジ ベストヒット Vol.8"/> <!-- from cover art -->
		<info name="alt_title" value="ドリームカートリッジvol.1"/> <!-- shown on-screen when run on Popira -->
		<part name="cart" interface="ekara_cart">
			<feature name="slot" value="rom_24lc02"/>
			<dataarea name="rom" size="0x100000">
				<rom name="dc0001-bht.u1" size="0x100000" crc="bd0c4044" sha1="496f9270c0285480ad513c2628260a5ed629dfd6"/>
			</dataarea>
		</part>
	</software>

	<software name="dc0002">
		<description>Dream Cartridge: Best Artist Vol.6 (Morning Musume, 7AIR, SALT5, 11WATER, mini-moni, Gotō Maki, Matsuura Aya) (Japan) (DC0002-BAT)</description>
		<year>2003</year>
		<publisher>Takara</publisher>
		<info name="alt_title" value="ドリームカートリッジ ベストアーティスト Vol.6"/> <!-- from cover art -->
		<info name="alt_title" value="ドリームカートリッジvol.2"/> <!-- shown on-screen when run on Popira -->
		<part name="cart" interface="ekara_cart">
			<feature name="slot" value="rom_24lc02"/>
			<dataarea name="rom" size="0x100000">
				<rom name="dc0002-bat.u1" size="0x100000" crc="bb4e13a7" sha1="f9d3a669de1b7ad3080eb428575905ee2170458c"/>
			</dataarea>
		</part>
	</software>

	<!-- The remaining releases show the cartridge name -->
	<software name="dc0003">
		<description>Dream Cartridge: Best Hit Vol.9 (Japan) (DC0003-BHT)</description>
		<year>2003</year>
		<publisher>Takara</publisher>
		<info name="alt_title" value="ドリームカートリッジ ベストヒット Vol.9"/> <!-- from cover art -->
		<info name="alt_title" value="ベストヒットvol.9"/> <!-- shown on-screen when run on Popira -->
		<part name="cart" interface="ekara_cart">
			<feature name="slot" value="rom_24lc02"/>
			<dataarea name="rom" size="0x100000">
				<rom name="dc0003-bht.u1" size="0x100000" crc="fd15d60f" sha1="c017d3fa1e10ad13cc130b92bd149a347d5c996c"/>
			</dataarea>
		</part>
	</software>

	<software name="dc0005">
		<description>Dream Cartridge: TV Pop Junior Vol.9 (Japan) (DC0005-TPJ)</description>
		<year>2004</year>
		<publisher>Takara</publisher>
		<info name="alt_title" value="ドリームカートリッジ TVPOPジュニア Vol.9"/> <!-- from cover art -->
		<info name="alt_title" value="TV POPジュニアvol.9"/> <!-- shown on-screen when run on Popira -->
		<part name="cart" interface="ekara_cart">
			<feature name="slot" value="rom_24lc02"/>
			<dataarea name="rom" size="0x100000">
				<rom name="dc0005-tpj.u1" size="0x100000" crc="515c125f" sha1="a7c7bf758b1afecb8fb55eb5766343325c1acc89"/>
			</dataarea>
		</part>
	</software>

	<software name="dc0006">
		<description>Dream Cartridge: Best Hit Vol.10 (Japan) (DC0006-BHT)</description>
		<year>2004</year>
		<publisher>Takara</publisher>
		<info name="alt_title" value="ドリームカートリッジ ベストヒット Vol.10"/>
		<!-- NOT VERIFIED: from cover art -->
		<info name="alt_title" value="ベストヒットvol.10"/>
		<!-- NOT VERIFIED: shown on-screen when run on Popira -->
		<part name="cart" interface="ekara_cart">
			<feature name="slot" value="rom_24lc02"/>
			<dataarea name="rom" size="0x100000">
				<rom name="dc0006-bht.u1" size="0x100000" crc="62368c46" sha1="fdedb4b81c3b1642eb3a8993cdcf58dbc29f9a03"/>
			</dataarea>
		</part>
	</software>

	<software name="dc0008">
		<description>Dream Cartridge: Best Artist Vol.7 (Japan) (DC0008-BAT)</description>
		<year>2004</year>
		<publisher>Takara</publisher>
		<info name="alt_title" value="ドリームカートリッジ ベストアーティスト Vol.7"/>
		<!-- NOT VERIFIED: from cover art -->
		<info name="alt_title" value="ドリームカートリッジvol.7"/>
		<!-- NOT VERIFIED: shown on-screen when run on Popira -->
		<part name="cart" interface="ekara_cart">
			<feature name="slot" value="rom_24lc02"/>
			<dataarea name="rom" size="0x100000">
				<rom name="dc0008-bat.u1" size="0x100000" crc="b97472a5" sha1="681990c795094cf83b200c947ed34624d1fc90b3"/>
			</dataarea>
		</part>
	</software>

</softwarelist>
