<?xml version="1.0"?>
<!DOCTYPE softwarelist SYSTEM "softwarelist.dtd">
<!--
license:CC0-1.0
-->
<softwarelist name="ekara_japan_sp" description="Takara e-kara (Japan) Super Cartridge series (SP-xx)">
	<!-- cartridges contain the ROM only, the XaviX CPU and BIOS are in the base unit
	     some cartridges also contain an SEEPROM

	***********************************************************************************

	Super Cartridge (スーパーカートリッジ) series
	Japanese cart listing (by SP code)  * = dumped

	A secondary 4-digit naming scheme SPxxxx (no extension) appears on a sticker on the cartridge PCB only

	These are for use with 5 different units
	1. e-Kara
	2. Popira (Yellow)
	3. Popira 2 (Blue/Green) ( https://www.youtube.com/watch?v=iY1I-jfXw7U )
	4. Taiko de Popira
	5. Jumping Popira (Stepping Mat type thing) ( https://www.youtube.com/watch?v=yJruMOBdLFY )

	If you plug this into a DDR Family Mat you get the message (in Japanese)

	 "please play this cartridge on e-kara series, popira, popira 2, taiko de popira or jumping popira"

	 SP-01  (unknown)
	*SP-02  'Super Cartridge' SP-02 Best Hit
	*SP-03  'Super Cartridge' SP-03 TV Pop Junior
	*SP-04  'Super Cartridge' SP-04 Best Hit
	*SP-05  'Super Cartridge' SP-05 TV Pop Junior
	 SP-06  'Super Cartridge' SP-06 TV Pop Junior
	 SP-07  'Super Cartridge' SP-07 Best Hit

	(more? what's the SP highest number? correct titles for each of these etc.)

	-->

	<software name="sp02">
		<description>Super Cartridge: Best Hit (Japan) (SP-02)</description>
		<year>2004</year>
		<publisher>Takara</publisher>
		<info name="alt_title" value="スーパーカートリッジ ベストヒット"/>
		<part name="cart" interface="ekara_cart">
			<feature name="slot" value="rom_24c08_epitch"/> <!-- FIXME: actually 24c04 -->
			<dataarea name="rom" size="0x200000">
				<rom name="sp02.u1" size="0x200000" crc="c8a84ded" sha1="02ffa04cdc7732fd3ab75505c5cc68bda130c7ee"/>
			</dataarea>
		</part>
	</software>

	<software name="sp03">
		<description>Super Cartridge: TV Pop Junior (Japan) (SP-03)</description>
		<year>2004</year>
		<publisher>Takara</publisher>
		<info name="alt_title" value="スーパーカートリッジ TVPOPジュニア"/>
		<part name="cart" interface="ekara_cart">
			<feature name="slot" value="rom_24c08_epitch"/> <!-- FIXME: actually 24c04 -->
			<dataarea name="rom" size="0x200000">
				<rom name="sp03.u1" size="0x200000" crc="cd7dbbaf" sha1="cc62c10f8f83015e4c472bc41e9a1fd7ac497655"/>
			</dataarea>
		</part>
	</software>

	<software name="sp04">
		<description>Super Cartridge: Best Hit (Japan) (SP-04)</description>
		<year>2004</year>
		<publisher>Takara</publisher>
		<info name="alt_title" value="スーパーカートリッジ ベストヒット"/>
		<part name="cart" interface="ekara_cart">
			<feature name="slot" value="rom_24c08_epitch"/> <!-- FIXME: actually 24c04 -->
			<dataarea name="rom" size="0x200000">
				<rom name="sp04.u1" size="0x200000" crc="77818ddb" sha1="708980b1ae30864bd3395ef663de1c57ecbc113c"/>
			</dataarea>
		</part>
	</software>

	<software name="sp05">
		<description>Super Cartridge: TV Pop Junior (Japan) (SP-05)</description>
		<year>2004</year>
		<publisher>Takara</publisher>
		<info name="alt_title" value="スーパーカートリッジ TVPOPジュニア"/>
		<part name="cart" interface="ekara_cart">
			<feature name="slot" value="rom_24c08_epitch"/> <!-- FIXME: actually 24c04 -->
			<dataarea name="rom" size="0x200000">
				<rom name="sp05.u1" size="0x200000" crc="f5ae63b2" sha1="d471ee862aa2ab790defb57873a10862531fd76b"/>
			</dataarea>
		</part>
	</software>

</softwarelist>
