<?xml version="1.0"?>
<!DOCTYPE softwarelist SYSTEM "softwarelist.dtd">
<!--
license:CC0-1.0
-->
<softwarelist name="ekara_japan_g" description="Takara e-kara (Japan) Gold Cartridge series (G-xx / GCxxxx-)">
	<!-- cartridges contain the ROM only, the XaviX CPU and BIOS are in the base unit

	***********************************************************************************

	Gold Cartridge (ゴールドカートリッジ) series
	Japanese cart listing (by G code)  (G-x on cartridge / box, GC in cart identifier code)

	These are for use with 2 different units
	1. e-Kara
	2. Popira (and Popira 2? - earlier carts will run it as regular Popira, later carts have full Popira 2 support)

	G-1  *GC0001-BAT  Best Artist Volume 1
	G-2  *GC0002-BHT  Best Hit Volume 1
	G-3  *GC0003-BAT  Best Artist Volume 2
	G-4  *GC0004-BHT  Best Hit Volume 2
	G-5  *GC0005-TPJ  TV Pop Junior Volume 1
	G-6  *GC0006-BHT  Best Hit Volume 3
	G-7  *GC0007-BAT  Best Artist Volume 3
	G-8  *GC0008-MIN  mini-moni
	G-9  *GC0009-TPJ  TV Pop Junior Volume 3 (Volume 2 is 'P-2' in 'P' series)
	G-10 *GC0010-BAT  Best Artist Volume 4
	G-11 *GC0011-TPJ  TV Pop Junior Volume 4
	G-12  GC0012-BHT  Best Hit Volume 5 (Volume 4 is 'P-1' in 'P' series)
	G-13  GC0013-BHT  Best Hit Volume 6
	G-14 *GC0014-MIN  mini-moni Volume 2
	G-15 *GC0015-BAT  Best Artist Volume 5
	G-16 *GC0016-TPJ  TV Pop Junior Volume 5
	G-17 *GC0017-TPJ  TV Pop Junior Volume 6
	G-18 *GC0018-TPJ  TV Pop Junior Volume 7

	(more? what's the G highest number?)

	-->

	<software name="gc0001">
		<description>Best Artist Volume 1 (Morning Musume, Petit Moni, Tanpopo) (Japan) (GC0001-BAT)</description>
		<year>2000</year>
		<publisher>Takara</publisher>
		<info name="alt_title" value="ベストアーティスト Vol.1"/>
		<part name="cart" interface="ekara_cart">
			<dataarea name="rom" size="0x100000">
				<rom name="gc0001-bat.u1" size="0x100000" crc="226224f3" sha1="d2609f342e19b0cd38678d2709866baa041658e7"/>
			</dataarea>
		</part>
	</software>

	<software name="gc0002">
		<description>Best Hit Volume 1 (Japan) (GC0002-BHT)</description>
		<year>2000</year>
		<publisher>Takara</publisher>
		<info name="alt_title" value="ベストヒット Vol.1"/>
		<part name="cart" interface="ekara_cart">
			<dataarea name="rom" size="0x100000">
				<rom name="gc0002-bht.u1" size="0x100000" crc="eae1cb3b" sha1="d1e594858eecde5409898684654caab0555ac1b4"/>
			</dataarea>
		</part>
	</software>

	<software name="gc0003">
		<description>Best Artist Volume 2 (Utada Hikaru) (Japan) (GC0003-BAT)</description>
		<year>2000</year>
		<publisher>Takara</publisher>
		<info name="alt_title" value="ベストアーティスト Vol.2 (宇多田ヒカル)"/>
		<part name="cart" interface="ekara_cart">
			<dataarea name="rom" size="0x100000">
				<rom name="gc0003-bat.u1" size="0x100000" crc="49536d5a" sha1="c112b6ac62f586fc1d1615406362fc659e587772"/>
			</dataarea>
		</part>
	</software>

	<software name="gc0004">
		<description>Best Hit Volume 2 (Japan) (GC0004-BHT)</description>
		<year>2000</year>
		<publisher>Takara</publisher>
		<info name="alt_title" value="ベストヒット Vol.2"/>
		<part name="cart" interface="ekara_cart">
			<dataarea name="rom" size="0x100000">
				<rom name="gc0004-bht.u1" size="0x100000" crc="6d2e9711" sha1="0478578c297f14d78a6612ecd61387129bd6df42"/>
			</dataarea>
		</part>
	</software>

	<software name="gc0005">
		<description>TV Pop Junior Volume 1 (Japan) (GC0005-TPJ)</description>
		<year>2000</year>
		<publisher>Takara</publisher>
		<info name="alt_title" value="TV POPジュニアVol.1"/>
		<part name="cart" interface="ekara_cart">
			<dataarea name="rom" size="0x100000">
				<rom name="gc0005-tpj.u1" size="0x100000" crc="b1fda1a4" sha1="a135226aa400c5a78060b08d5f64eb6a06c990e7"/>
			</dataarea>
		</part>
	</software>

	<software name="gc0006">
		<description>Best Hit Volume 3 (Japan) (GC0006-BHT)</description>
		<year>2000</year>
		<publisher>Takara</publisher>
		<info name="alt_title" value="ベストヒット Vol.3"/>
		<part name="cart" interface="ekara_cart">
			<dataarea name="rom" size="0x100000">
				<rom name="gc0006-bht.u1" size="0x100000" crc="76bbefae" sha1="a2a41f58b5750fafa92d6e3094562dd05a5d9029"/>
			</dataarea>
		</part>
	</software>

	<software name="gc0007">
		<description>Best Artist Volume 3 (Morning Musume, San-nin Matsuri, 7-nin Matsuri, 10-nin Matsuri) (Japan) (GC0007-BAT)</description>
		<year>2000</year>
		<publisher>Takara</publisher>
		<info name="alt_title" value="ベストアーティスト Vol.3 (モーニング娘。他)"/>
		<part name="cart" interface="ekara_cart">
			<dataarea name="rom" size="0x100000">
				<rom name="gc0007-bat.u1" size="0x100000" crc="27b49bdb" sha1="2b64d978fc5df5869bc3c27d16642727e2d38999"/>
			</dataarea>
		</part>
	</software>

	<software name="gc0008">
		<description>mini-moni (Japan) (GC0008-MIN) (set 1)</description>
		<year>2001</year>
		<publisher>Takara</publisher>
		<info name="alt_title" value="ミニモニ。"/>
		<part name="cart" interface="ekara_cart">
			<dataarea name="rom" size="0x200000">
				<rom name="gc0008-min.u1" size="0x200000" crc="8414c402" sha1="340c432eec8eb2108b8364b5936dd22dc34b51a9"/>
			</dataarea>
		</part>
	</software>

	<software name="gc0008a" cloneof="gc0008">
		<description>mini-moni (Japan) (GC0008-MIN) (set 2)</description>
		<year>2001</year>
		<publisher>Takara</publisher>
		<info name="alt_title" value="ミニモニ。"/>
		<part name="cart" interface="ekara_cart">
			<dataarea name="rom" size="0x200000">
				<rom name="gc0008-min(alt).u1" size="0x200000" crc="b34d1721" sha1="3621f02423f55c43d1b16855c01189719ddbcb6e"/>
			</dataarea>
		</part>
	</software>

	<software name="gc0009">
		<description>TV Pop Junior Volume 3 (Japan) (GC0009-TPJ)</description>
		<year>2000</year>
		<publisher>Takara</publisher>
		<info name="alt_title" value="TV POPジュニアVol.3"/>
		<part name="cart" interface="ekara_cart">
			<dataarea name="rom" size="0x100000">
				<rom name="gc0009-tpj.u1" size="0x100000" crc="aed34640" sha1="2a55eb5e518ca18a5fd66d4e43269954015bb238"/>
			</dataarea>
		</part>
	</software>

	<!-- Notes from Sean

	    G10 has a 24LC02, but no 74HC125, and pin 2 isn't connected.

	    G10 is very odd; the SEEPROM's SDA is tied high with a 4.7K resistor and connected to pin 4 through a 220 ohm resistor.
	    Pin 4 on the other carts I've looked at is VCC, also connected to pins 21 and 35, but on this one, it isn't.
	    Likewise, SCL is tied low with a 47K resistor and connected to pin 32, which on all the other carts is connected to pins 1 and 44, which are ground.

	    e-Kara units, Popira, Taiko de Popira and DDR all of them have pin 4 of the cart connector going to VCC and pin 32 going to ground.  So none of them can communicate with the SEEPROM in G10

	    Popira 2 however can make use of these pins -->

	<software name="gc0010">
		<description>Best Artist Volume 4 (Morning Musume, Tanpopo, Petit Moni, Gotō Maki) (Japan) (GC0010-BAT)</description>
		<year>2002</year>
		<publisher>Takara</publisher>
		<info name="alt_title" value="ベストアーティスト Vol.4 (モーニング娘。他)"/>
		<part name="cart" interface="ekara_cart">
			<feature name="slot" value="rom_24lc02_gc0010"/>
			<dataarea name="rom" size="0x100000">
				<rom name="gc0010-bat.u1" size="0x100000" crc="c08be376" sha1="28cb6baacf64e0382fd9c8bb7167d7fdd96f57ee"/>
			</dataarea>
		</part>
	</software>

	<software name="gc0011">
		<description>TV Pop Junior Volume 4 (Japan) (GC0011-TPJ)</description>
		<year>2002</year>
		<publisher>Takara</publisher>
		<info name="alt_title" value="TV POPジュニアVol.4"/>
		<part name="cart" interface="ekara_cart">
			<feature name="slot" value="rom_24lc02_gc0010"/>
			<dataarea name="rom" size="0x100000">
				<rom name="gc0011-tpj.u1" size="0x100000" crc="4ca23131" sha1="297cea5f456c90820adc97cf0f8a40b058edb0b5"/>
			</dataarea>
		</part>
	</software>



	<software name="gc0014">
		<description>mini-moni Volume 2 (GC0014-MIN)</description>
		<year>2002</year>
		<publisher>Takara</publisher>
		<info name="alt_title" value="ミニモニ。 Vol.2"/>
		<part name="cart" interface="ekara_cart">
			<feature name="slot" value="rom_24lc02"/> <!-- with 74HC125 -->
			<dataarea name="rom" size="0x200000">
				<rom name="gc0014-min.u1" size="0x200000" crc="309e0337" sha1="ac68ad33fd15d7c2cc507efc645a04a2e6d08d49"/>
			</dataarea>
		</part>
	</software>

	<!-- G15 looks like G16- 74HC125 and 24LC02. -->
	<software name="gc0015">
		<description>Best Artist Volume 5 (Morning Musume, Petit Moni, Tanpopo) (Japan) (GC0015-BAT)</description>
		<year>2002</year>
		<publisher>Takara</publisher>
		<info name="alt_title" value="ベストアーティスト Vol.5 (モーニング娘。他)"/>
		<part name="cart" interface="ekara_cart">
			<feature name="slot" value="rom_24lc02"/> <!-- with 74HC125 -->
			<dataarea name="rom" size="0x100000">
				<rom name="gc0015-bat.u1" size="0x100000" crc="a839b745" sha1="a02bd29383baf1f92b3573aaa6343cc309a6f589"/>
			</dataarea>
		</part>
	</software>

	<software name="gc0016">
		<description>TV Pop Junior Volume 5 (Japan) (GC0016-TPJ)</description>
		<year>2002</year>
		<publisher>Takara</publisher>
		<info name="alt_title" value="TV POPジュニアvol.5"/>
		<part name="cart" interface="ekara_cart">
			<feature name="slot" value="rom_24lc02"/> <!-- with 74HC125 -->
			<dataarea name="rom" size="0x100000">
				<rom name="gc0016-tpj.u1" size="0x100000" crc="52d81c55" sha1="c2fad86a2507589625cb507c3e1395cb662f9e34"/>
			</dataarea>
		</part>
	</software>

	<software name="gc0017">
		<description>TV Pop Junior Volume 6 (Japan) (GC0017-TPJ)</description>
		<year>2002</year>
		<publisher>Takara</publisher>
		<info name="alt_title" value="TV POPジュニアvol.6"/>
		<part name="cart" interface="ekara_cart">
			<feature name="slot" value="rom_24lc02"/> <!-- with 74HC125 -->
			<dataarea name="rom" size="0x100000">
				<rom name="gc0017-tpj.u1" size="0x100000" crc="2c7d00a2" sha1="5976b9f3a95afb3b23f1d1d996de0b7aa41ee25c"/>
			</dataarea>
		</part>
	</software>

	<software name="gc0018">
		<description>TV Pop Junior Volume 7 (Japan) (GC0018-TPJ)</description>
		<year>2002</year>
		<publisher>Takara</publisher>
		<info name="alt_title" value="TV POPジュニアvol.7"/>
		<part name="cart" interface="ekara_cart">
			<feature name="slot" value="rom_24lc02"/>   <!-- with 74HC125 -->
			<dataarea name="rom" size="0x100000">
				<rom name="gc0018-tpj.u1" size="0x100000" crc="5e7fee64" sha1="14ebc6e47808f30de4724ec720c49223c2c6f22d"/>
			</dataarea>
		</part>
	</software>

</softwarelist>
