<?xml version="1.0"?>
<!DOCTYPE softwarelist SYSTEM "softwarelist.dtd">
<!--
license:CC0-1.0
-->
<softwarelist name="ekara_japan_p" description="Takara e-kara (Japan) Platinum Cartridge series (P-xx / PCxxxx-)">
	<!-- cartridges contain the ROM only, the XaviX CPU and BIOS are in the base unit

	***********************************************************************************

	Platinum Cartridge (プラチナカートリッジ) series
	Japanese cart listing (by P code) (for use on multiple devices, including DDR) (P on box, P/PC on cart)

	These are for use with 3 different units
	1. e-Kara
	2. Popira (and Popira 2?)
	3. Konami DDR Family Mat

	*P-1  Best Hit Volume 4 (1,2,3,5,6 in G series)
	*P-2  TV Pop Junior Volume 2 (1,3,4,5,6,7 in G series)
	*P-3  Enkamichi Best Volume 1
	*P-4  Best Hit Volume 7
	-->

	<software name="pc0001">
		<description>Best Hit Volume 4 (Japan) (PC0001-BHT)</description>
		<year>2001</year>
		<publisher>Takara</publisher>
		<info name="alt_title" value="ベストヒット Vol.4"/>
		<part name="cart" interface="ekara_cart">
			<dataarea name="rom" size="0x100000">
				<rom name="pc0001-bht.u1" size="0x100000" crc="4fbc13a6" sha1="142191a6522c1aa9c7772de6dc1b5706816258de"/>
			</dataarea>
		</part>
	</software>

	<software name="pc0002">
		<description>TV Pop Junior Volume 2 (Japan) (PC0002-TPJ) (set 1)</description>
		<year>2001</year>
		<publisher>Takara</publisher>
		<info name="alt_title" value="TV POPジュニアvol.2"/>
		<part name="cart" interface="ekara_cart">
			<dataarea name="rom" size="0x100000">
				<rom name="pc0002-tpj.u1" size="0x100000" crc="2ce065ed" sha1="1c0ae8050f7093a53f74637f27063f720f19610c"/>
			</dataarea>
		</part>
	</software>

	<software name="pc0002a" cloneof="pc0002">
		<description>TV Pop Junior Volume 2 (Japan) (PC0002-TPJ) ('World Trade Center' image removed)</description> <!-- The song 'Run Run Run' features an image containing the twin towers in the original release, it is swapped for another here -->
		<year>2001</year>
		<publisher>Takara</publisher>
		<info name="alt_title" value="TV POPジュニアvol.2"/>
		<part name="cart" interface="ekara_cart">
			<dataarea name="rom" size="0x100000">
				<rom name="pc0002-tpj(alt).u1" size="0x100000" crc="f8c54474" sha1="4ae876d8deed068c710700499cba22b88bea3d17"/>
			</dataarea>
		</part>
	</software>

	<software name="pc0003">
		<description>Enkamichi Best Volume 1 (Japan) (PC0003-ENB)</description>
		<year>2001</year>
		<publisher>Takara</publisher>
		<info name="alt_title" value="演歌道ベスト Vol.1"/>
		<part name="cart" interface="ekara_cart">
			<dataarea name="rom" size="0x100000">
				<rom name="pc0003-enb.u1" size="0x100000" crc="2fa57d12" sha1="01954a20e190c3f9e1d16c4285c9ec39f601eb80"/>
			</dataarea>
		</part>
	</software>

	<software name="pc0004">
		<description>Best Hit Volume 7 (Japan) (PC0004-BHT)</description>
		<year>2002</year>
		<publisher>Takara</publisher>
		<info name="alt_title" value="ベストヒットvol.7"/>
		<part name="cart" interface="ekara_cart">
			<feature name="slot" value="rom_24lc02"/>
			<dataarea name="rom" size="0x100000">
				<rom name="pc0004-bht.u1" size="0x100000" crc="95e35899" sha1="a9bd2694f5ee4b964e8d73afc3e88c0eb18ca1d2"/>
			</dataarea>
		</part>
	</software>

</softwarelist>
