<?xml version="1.0"?>
<!DOCTYPE softwarelist SYSTEM "softwarelist.dtd">
<!--
license:CC0-1.0
-->
<softwarelist name="ekara_japan_en" description="Takara e-kara (Japan) EN-xx series cartridges">
	<!-- cartridges contain the ROM only, the XaviX CPU and BIOS are in the base unit -->
	<!--
	Enka-shū (演歌集) series
	Japanese cart listing (by EN code)  * = dumped
	 * = dumped

	These don't seem to have a secondary numbering scheme (eg ENxxxx-xxx)

	(check what units these are for)

	*EN-1  Enka Collection - Volume 1
	*EN-2  Enka Collection - Volume 2
	*EN-3  Enka Collection - Volume 3
	*EN-4  Enka Collection - Volume 4

	(more? what's the EN highest number?)

	-->

	<software name="en1">
		<description>Enka-shū Dai Ichi-hen (Japan) (EN-1)</description> <!-- TODO: correct translation -->
		<year>2004</year>
		<publisher>Takara</publisher>
		<info name="alt_title" value="演歌集 第一篇" />
		<part name="cart" interface="ekara_cart">
			<dataarea name="rom" size="0x100000">
				<rom name="en-1.u1" size="0x100000" crc="7f9f61f3" sha1="f6efdcc7d00c181864009662a0e8671296c174b8"/>
			</dataarea>
		</part>
	</software>

	<software name="en2">
		<description>Enka-shū Dai Ni-hen (Japan) (EN-2)</description> <!-- TODO: correct translation -->
		<year>2004</year>
		<publisher>Takara</publisher>
		<info name="alt_title" value="演歌集 第二篇" />
		<part name="cart" interface="ekara_cart">
			<dataarea name="rom" size="0x100000">
				<rom name="en-2.u1" size="0x100000" crc="be342a04" sha1="db355d3b9372fbfc0831133482d96110aa377915"/>
			</dataarea>
		</part>
	</software>

	<software name="en3">
		<description>Enka-shū Dai San-hen (Japan) (EN-3)</description>
		<year>2004</year>
		<publisher>Takara</publisher>
		<info name="alt_title" value="演歌集 第三篇" />
		<part name="cart" interface="ekara_cart">
			<dataarea name="rom" size="0x100000">
				<rom name="en-3.u1" size="0x100000" crc="e3686ff4" sha1="e7e9a53a778739c406b2b226300d2f525cd9676b"/>
			</dataarea>
		</part>
	</software>

	<software name="en4">
		<description>Enka-shū Dai Yon-hen (Japan) (EN-4)</description>
		<year>2004</year>
		<publisher>Takara</publisher>
		<info name="alt_title" value="演歌集 第四篇" />
		<part name="cart" interface="ekara_cart">
			<dataarea name="rom" size="0x100000">
				<rom name="en-4.u1" size="0x100000" crc="4e9e00fd" sha1="4cc2b6e39a4ceb1c1753463dd6d559331d75848f"/>
			</dataarea>
		</part>
	</software>

</softwarelist>
