<?xml version="1.0"?>
<!DOCTYPE softwarelist SYSTEM "softwarelist.dtd">
<!--
license:CC0-1.0
-->
<softwarelist name="evio" description="Tomy evio Media cartridges">
	<!-- cartridges contain the ROM only, the XaviX CPU and BIOS are in the base unit

	***********************************************************************************

	evio Media cart listing

	* = dumped
	                                        Cartridge Colour

	*eM1    - evio Selection 01               (translucent red)
	*eM2    - evio Selection 02               (translucent red)
	*eM3    - Anime Mix 1                     (yellow)
	*eM4    - I Love Classic 1                (brown)
	*eM5    - Healing Air 1                   (translucent green)
	*eM6    - Drama Mix 1                     (blue)
	*eM7    - Pure Kiss 1                     (pink)
	*eM8    - Hard Soul 1                     (black)
	*eM9    - evio Selection 03               (translucent red)
	*eM10   - Anime Special - Pocket Monsters (yellow)
	*eM11   - Anime Mix 2                     (yellow)
	*eM12   - I Love Classic 2                (brown)
	*eM13   - Concerto Selection              (dark blue)
	*eM14   - Disney Special 1                (light blue)
	*eM15   - evio Selection 04               (translucent red)
	*eM16   - Chisako Takashima Selection     (cream/gold)
	*eM17   - Minna no evio                   (orange)
	*eM18   - Evio Challenge!                 (red/pink)

	(more?)

	-->

	<software name="em1" supported="no">
		<description>evio Selection 01</description>
		<year>2003</year>
		<publisher>Tomy</publisher>
		<info name="alt_title" value="エヴィオセレクション01"/>
		<info name="serial" value="eM1"/>
		<part name="cart" interface="ekara_cart">
			<dataarea name="rom" size="0x200000">
				<rom name="evio_em01.bin" size="0x080000" crc="01cfd6aa" sha1="e91f947bc7601af08d7e7395b7d14f7c32a22c51"/>
			</dataarea>
		</part>
	</software>

	<software name="em2" supported="no">
		<description>evio Selection 02</description>
		<year>2003</year>
		<publisher>Tomy</publisher>
		<info name="alt_title" value="エヴィオセレクション02"/>
		<info name="serial" value="eM2"/>
		<part name="cart" interface="ekara_cart">
			<dataarea name="rom" size="0x200000">
				<rom name="evio_em02.bin" size="0x080000" crc="f4c25b10" sha1="97627f6753bf21f30ec497656dbae3eaf4ca8386"/>
			</dataarea>
		</part>
	</software>

	<software name="em3" supported="no">
		<description>Anime Mix 1</description>
		<year>2003</year>
		<publisher>Tomy</publisher>
		<info name="alt_title" value="アニメミックス1"/>
		<info name="serial" value="eM3"/>
		<part name="cart" interface="ekara_cart">
			<dataarea name="rom" size="0x200000">
				<rom name="evio_em03.bin" size="0x080000" crc="2aa0107f" sha1="1f2302b0121819b8ea02409e23a7c21402e2632e"/>
			</dataarea>
		</part>
	</software>

	<software name="em4" supported="no">
		<description>I Love Classic 1</description>
		<year>2003</year>
		<publisher>Tomy</publisher>
		<info name="alt_title" value="アイラブクラッシク1"/>
		<info name="serial" value="eM4"/>
		<part name="cart" interface="ekara_cart">
			<dataarea name="rom" size="0x200000">
				<rom name="evio_em04.bin" size="0x080000" crc="22ad3e5b" sha1="e25269b1957e10cff6bb7590b912db9e62864c2d"/>
			</dataarea>
		</part>
	</software>

	<software name="em5" supported="no">
		<description>Healing Air 1</description>
		<year>2003</year>
		<publisher>Tomy</publisher>
		<info name="alt_title" value="ヒーリングエアー1"/>
		<info name="serial" value="eM5"/>
		<part name="cart" interface="ekara_cart">
			<dataarea name="rom" size="0x200000">
				<rom name="evio_em05.bin" size="0x080000" crc="7ac2d917" sha1="9ff3da60c5333a5d97791dfcdf8ffc20244fc553"/>
			</dataarea>
		</part>
	</software>

	<software name="em6" supported="no">
		<description>Drama Mix 1</description>
		<year>2003</year>
		<publisher>Tomy</publisher>
		<info name="alt_title" value="ドラマミックス1"/>
		<info name="serial" value="eM6"/>
		<part name="cart" interface="ekara_cart">
			<dataarea name="rom" size="0x200000">
				<rom name="evio_em06.bin" size="0x080000" crc="7f67ff20" sha1="e94685b112c03615d6b27c21460a69c2b69c3419"/>
			</dataarea>
		</part>
	</software>

	<software name="em7" supported="no">
		<description>Pure Kiss 1</description>
		<year>2003</year>
		<publisher>Tomy</publisher>
		<info name="alt_title" value="ピュアキッス1"/>
		<info name="serial" value="eM7"/>
		<part name="cart" interface="ekara_cart">
			<dataarea name="rom" size="0x200000">
				<rom name="evio_em07.bin" size="0x080000" crc="b507b926" sha1="af2872b738e57a42e22904c3f6df15b2bf5ead87"/>
			</dataarea>
		</part>
	</software>

	<software name="em8" supported="no">
		<description>Hard Soul 1</description>
		<year>2003</year>
		<publisher>Tomy</publisher>
		<info name="alt_title" value="ハードソウル1"/>
		<info name="serial" value="eM8"/>
		<part name="cart" interface="ekara_cart">
			<dataarea name="rom" size="0x200000">
				<rom name="evio_em08.bin" size="0x080000" crc="f41469c0" sha1="381e43b2a2fd716f3d91d47c7e899f02b2f52b91"/>
			</dataarea>
		</part>
	</software>

	<software name="em9" supported="no">
		<description>evio Selection 03</description>
		<year>2003</year>
		<publisher>Tomy</publisher>
		<info name="alt_title" value="エヴィオセレクション03"/>
		<info name="serial" value="eM9"/>
		<part name="cart" interface="ekara_cart">
			<dataarea name="rom" size="0x200000">
				<rom name="evio_em09.bin" size="0x080000" crc="17818b14" sha1="84058d60567972a336b36d8c406b1649956c8a2a"/>
			</dataarea>
		</part>
	</software>

	<software name="em10" supported="no">
		<description>Anime Special - Pocket Monsters</description>
		<year>2003</year>
		<publisher>Tomy</publisher>
		<info name="alt_title" value="アニメスペシャル ポケットモンスター"/>
		<info name="serial" value="eM10"/>
		<part name="cart" interface="ekara_cart">
			<dataarea name="rom" size="0x200000">
				<rom name="evio_em10.bin" size="0x080000" crc="573d49ef" sha1="e2d528a2aa149d8ccbadf0c75ed5f75ca0e6bf9b"/>
			</dataarea>
		</part>
	</software>

	<software name="em11" supported="no">
		<description>Anime Mix 2</description>
		<year>2003</year>
		<publisher>Tomy</publisher>
		<info name="alt_title" value="アニメミックス2"/>
		<info name="serial" value="eM11"/>
		<part name="cart" interface="ekara_cart">
			<dataarea name="rom" size="0x200000">
				<rom name="evio_em11.bin" size="0x080000" crc="230f8f33" sha1="5bfbf8f5955de1908c24f42fba3d90f197a6d35f"/>
			</dataarea>
		</part>
	</software>

	<software name="em12" supported="no">
		<description>I Love Classic 2</description>
		<year>2003</year>
		<publisher>Tomy</publisher>
		<info name="alt_title" value="アイラブクラッシク2"/>
		<info name="serial" value="eM12"/>
		<part name="cart" interface="ekara_cart">
			<dataarea name="rom" size="0x200000">
				<rom name="evio_em12.bin" size="0x080000" crc="b8e2f986" sha1="62a341fd775a27317f6bf1630d55c15db262ab60"/>
			</dataarea>
		</part>
	</software>

	<software name="em13" supported="no">
		<description>Concerto Selection</description>
		<year>2003</year>
		<publisher>Tomy</publisher>
		<info name="alt_title" value="コンチェルトセレクション"/>
		<info name="serial" value="eM13"/>
		<part name="cart" interface="ekara_cart">
			<dataarea name="rom" size="0x200000">
				<rom name="em13.bin" size="0x080000" crc="f27756d5" sha1="90461bc44974d6a2b57ff3fa7ab3434acb6f0eef"/>
			</dataarea>
		</part>
	</software>

	<software name="em14" supported="no">
		<description>Disney Special 1</description>
		<year>2003</year>
		<publisher>Tomy</publisher>
		<info name="alt_title" value="ディズニースペシャル1"/>
		<info name="serial" value="eM14"/>
		<part name="cart" interface="ekara_cart">
			<dataarea name="rom" size="0x200000">
				<rom name="em14.bin" size="0x100000" crc="7202b6c0" sha1="db92a462345b983c64f36bce07a700c1083a1359"/>
			</dataarea>
		</part>
	</software>

	<software name="em15" supported="no">
		<description>evio Selection 04</description>
		<year>2003</year>
		<publisher>Tomy</publisher>
		<info name="alt_title" value="エヴィオセレクション04"/>
		<info name="serial" value="eM15"/>
		<part name="cart" interface="ekara_cart">
			<dataarea name="rom" size="0x200000">
				<rom name="evio_em15.bin" size="0x080000" crc="d3a12cc2" sha1="29fff4c9c6aedd156c9c9b3f3773c05916c6d5d6"/>
			</dataarea>
		</part>
	</software>

	<software name="em16" supported="no">
		<description>Chisako Takashima Selection</description>
		<year>2003</year>
		<publisher>Tomy</publisher>
		<info name="alt_title" value="高嶋ちさ子セレクション"/>
		<info name="serial" value="eM16"/>
		<part name="cart" interface="ekara_cart">
			<dataarea name="rom" size="0x200000">
				<rom name="evio_em16.bin" size="0x080000" crc="39c86418" sha1="8442cb3923e1f09b369ece58ca52bbb2f0a7ab19"/>
			</dataarea>
		</part>
	</software>

	<software name="em17" supported="no">
		<description>Minna no evio</description>
		<year>2003</year>
		<publisher>Tomy</publisher>
		<info name="alt_title" value="みんなのエヴィオ"/>
		<info name="serial" value="eM17"/>
		<part name="cart" interface="ekara_cart">
			<dataarea name="rom" size="0x200000">
				<rom name="evio_em17.bin" size="0x080000" crc="5e41cde0" sha1="bee48cf8f41f715c5ba762c243cbfdd8bafeb3b5"/>
			</dataarea>
		</part>
	</software>

	<!-- has eeprom -->
	<software name="em18" supported="no">
		<description>evio Challenge!</description>
		<year>2004</year>
		<publisher>Tomy</publisher>
		<info name="alt_title" value="エヴィオチャレンジ!"/>
		<info name="serial" value="eM18"/>
		<part name="cart" interface="ekara_cart">
			<feature name="slot" value="rom_24lc08_evio"/>
			<dataarea name="rom" size="0x200000">
				<rom name="evio_em18.bin" size="0x100000" crc="725a5720" sha1="062316f860cb6ca3c29d9c1e63ea4973b1eebcd8"/>
			</dataarea>
		</part>
	</software>

</softwarelist>
