<?xml version="1.0"?>
<!DOCTYPE softwarelist SYSTEM "softwarelist.dtd">
<!--
license:CC0-1.0

see gameking.xml for information about cartridge types
-->

<softwarelist name="gameking3" description="TimeTop GameKing 3 cartridges">

	<software name="urgent" supported="partial">
		<description>Urgent Action</description>
		<year>200?</year>
		<publisher>TimeTop</publisher>
		<part name="cart" interface="gameking_cart">
			<feature name="pcb" value="2007D / APR 23 05 / REV:1.0"/>
			<dataarea name="rom" size="524288">
				<rom name="urgenaction.gk3" size="524288" crc="dcf935f8" sha1="9c1375c622caab9e328ee66434087a18a16ea036"/>
			</dataarea>
		</part>
	</software>

	<software name="adventr" supported="partial">
		<description>Adventure</description>
		<year>200?</year>
		<publisher>TimeTop</publisher>
		<part name="cart" interface="gameking_cart">
			<feature name="pcb" value="2007D / APR 23 05 / REV:1.0"/>
			<dataarea name="rom" size="524288">
				<rom name="adventure.gk3" size="524288" crc="70082274" sha1="83b164719b2c2d5c133ca05c9fac0102b0d88e4c"/>
			</dataarea>
		</part>
	</software>

	<software name="flycar" supported="partial">
		<description>Fly Car</description>
		<year>200?</year>
		<publisher>TimeTop</publisher>
		<part name="cart" interface="gameking_cart">
			<dataarea name="rom" size="524288">
				<rom name="fly_car.gk3" size="524288" crc="da314211" sha1="ea901fe7a7aea203afe6fe0d33e374163cec0262"/>
			</dataarea>
		</part>
	</software>

	<software name="panzer" supported="partial">
		<description>Panzer</description>
		<year>200?</year>
		<publisher>TimeTop</publisher>
		<part name="cart" interface="gameking_cart">
			<feature name="pcb" value="2007D / APR 23 05 / REV:1.0"/>
			<dataarea name="rom" size="524288">
				<rom name="panzer.gk3" size="524288" crc="54c7389e" sha1="1fe26d743ad02b466d045aa53706b13c8be2fe2e"/>
			</dataarea>
		</part>
	</software>

	<software name="falconc" supported="partial">
		<description>Falcon Corps</description>
		<year>200?</year>
		<publisher>TimeTop</publisher>
		<part name="cart" interface="gameking_cart">
			<dataarea name="rom" size="524288">
				<rom name="falcon corps.gk3" size="524288" crc="44f328aa" sha1="37dfafcacc02db182880fb21b38d06c25a1b8024"/>
			</dataarea>
		</part>
	</software>

	<software name="searcha" supported="partial">
		<description>Search Action</description>
		<year>200?</year>
		<publisher>TimeTop</publisher>
		<part name="cart" interface="gameking_cart">
			<dataarea name="rom" size="524288">
				<rom name="search action.gk3" size="524288" crc="32db01ff" sha1="b9fb8c85d724866daaeadadc1ce91afa124ba6c9"/>
			</dataarea>
		</part>
	</software>

	<software name="vagrant" supported="partial">
		<description>Vagrant</description>
		<year>200?</year>
		<publisher>TimeTop</publisher>
		<part name="cart" interface="gameking_cart">
			<dataarea name="rom" size="524288">
				<rom name="vagrant.gk3" size="524288" crc="db50e1c9" sha1="80f27ec7973d336e12ee506f090440db35ecf183"/>
			</dataarea>
		</part>
	</software>

</softwarelist>
