<?xml version="1.0"?>
<!DOCTYPE softwarelist SYSTEM "softwarelist.dtd">
<!--
license:CC0-1.0
-->

<softwarelist name="msxr_flop" description="MSX Turbo-R disk images">

<!--

Disks to sort:
    Win2000 installer by Italo Valerio
    The PCM Player
    The Swiss Demo
    Telebasic - Issue 01
    XSC Compression Program
    MSX-DOS Help by Miri Software
    GFX9000 Tool Disk

-->

<!--

Known undumped:
    pure v1.22 PCM editor
    The Best of Hamaraja Night

    魔法の国のほいっぷる /  Mahou no kuni no ho ippuru (by Pastel Hope)
    すぺりおりてぃふぁいたー / Superiority fighters
    げきとうくいずすたじあむ / Gekitou Quiz Stadium
    Destiny 2 - Innocent wish
    Window club
-->


	<software name="2021snok">
		<description>2021 Snooky! (Jpn)</description>
		<year>1991</year>
		<publisher>Studio Hawk</publisher>

		<part name="flop1" interface="floppy_3_5">
			<dataarea name="flop" size="737280">
				<rom name="2021 snooky (1991)(studio hawk)(jp).dsk" size="737280" crc="3d3e50b0" sha1="96d493fabe69aa8322e68e0b0c5344c464325cf9"/>
			</dataarea>
		</part>
	</software>

	<software name="diefrag2">
		<description>Die Frage II' (Jpn)</description>
		<year>199?</year>
		<publisher>Studio Sequence</publisher>

		<part name="flop1" interface="floppy_3_5">
			<dataarea name="flop" size="737280">
				<rom name="diefrage.dsk" size="737280" crc="3249258a" sha1="4f0ddc72531c55857325ed3651219b7a6081de39"/>
			</dataarea>
		</part>
	</software>

	<software name="diefrag2a" cloneof="diefrag2">
		<description>Die Frage II' (Jpn, Bad Dump?)</description>
		<year>199?</year>
		<publisher>Studio Sequence</publisher>

		<part name="flop1" interface="floppy_3_5">
			<dataarea name="flop" size="737280">
				<rom name="frage ii, die (199x)(studio sequence)(jp)[b].dsk" size="737280" crc="6d749b83" sha1="3da39ec846c109fbd74476efa3f9a349a85081b0"/>
			</dataarea>
		</part>
	</software>

	<software name="fray">
		<description>Fray - In Magical Adventure (Jpn)</description>
		<year>1990</year>
		<publisher>Micro Cabin</publisher>
		<info name="alt_title" value="フレイサーク外伝" />

		<part name="flop1" interface="floppy_3_5">
			<feature name="part_id" value="Opening Disk 0"/>
			<dataarea name="flop" size="737280">
				<rom name="fray - in magical adventure (1990)(micro cabin)(jp)(disk 1 of 5)(opening disk 0).dsk" size="737280" crc="f26fdaeb" sha1="fd3c5f8793bfbec1851c89cfc32366618c6f482d"/>
			</dataarea>
		</part>
		<part name="flop2" interface="floppy_3_5">
			<feature name="part_id" value="Opening Disk 1"/>
			<dataarea name="flop" size="737280">
				<rom name="fray - in magical adventure (1990)(micro cabin)(jp)(disk 2 of 5)(opening disk 1).dsk" size="737280" crc="c33d5ac3" sha1="0b145459326c62254522bf77f063b069d086aa29"/>
			</dataarea>
		</part>
		<part name="flop3" interface="floppy_3_5">
			<feature name="part_id" value="Opening Disk 2"/>
			<dataarea name="flop" size="737280">
				<rom name="fray - in magical adventure (1990)(micro cabin)(jp)(disk 3 of 5)(opening disk 2).dsk" size="737280" crc="b770ee14" sha1="80701f4a86a151778c4fc81f56e9088d7b880651"/>
			</dataarea>
		</part>
		<part name="flop4" interface="floppy_3_5">
			<feature name="part_id" value="Game Disk 0"/>
			<dataarea name="flop" size="737280">
				<rom name="fray - in magical adventure (1990)(micro cabin)(jp)(disk 4 of 5)(game disk 0).dsk" size="737280" crc="8c6d9bed" sha1="0bddc86900b934cb381ce3aac8d9f8614ca49ede"/>
			</dataarea>
		</part>
		<part name="flop5" interface="floppy_3_5">
			<feature name="part_id" value="Game Disk 1"/>
			<dataarea name="flop" size="737280">
				<rom name="fray - in magical adventure (1990)(micro cabin)(jp)(disk 5 of 5)(game disk 1).dsk" size="737280" crc="d631a475" sha1="c1c35bedb620181846a407d6900db741f751e50f"/>
			</dataarea>
		</part>
	</software>

	<software name="fraya" cloneof="fray">
		<description>Fray - In Magical Adventure (Jpn, Alt)</description>
		<year>1990</year>
		<publisher>Micro Cabin</publisher>
		<info name="alt_title" value="フレイサーク外伝" />

		<part name="flop1" interface="floppy_3_5">
			<feature name="part_id" value="Opening Disk 0"/>
			<dataarea name="flop" size="737280">
				<rom name="fray - in magical adventure (1990)(micro cabin)(jp)(disk 1 of 5)(opening disk 0)[a].dsk" size="737280" crc="ee1ddd5d" sha1="858f9861f5015fd2e04f5a9fa4de971bfe7b5ec4"/>
			</dataarea>
		</part>
		<part name="flop2" interface="floppy_3_5">
			<feature name="part_id" value="Opening Disk 1"/>
			<dataarea name="flop" size="737280">
				<rom name="fray - in magical adventure (1990)(micro cabin)(jp)(disk 2 of 5)(opening disk 1)[a].dsk" size="737280" crc="df4f5d75" sha1="4508096f7a4d5bf1c9e94df62def933ef1f6630f"/>
			</dataarea>
		</part>
		<part name="flop3" interface="floppy_3_5">
			<feature name="part_id" value="Opening Disk 2"/>
			<dataarea name="flop" size="737280">
				<rom name="fray - in magical adventure (1990)(micro cabin)(jp)(disk 3 of 5)(opening disk 2)[a].dsk" size="737280" crc="f2d4c059" sha1="ad26d223992b9c7713d2df7bd44b8a1cb09b9209"/>
			</dataarea>
		</part>
		<part name="flop4" interface="floppy_3_5">
			<feature name="part_id" value="Game Disk 0"/>
			<dataarea name="flop" size="737280">
				<rom name="fray - in magical adventure (1990)(micro cabin)(jp)(disk 4 of 5)(game disk 0)[a].dsk" size="737280" crc="99dcaab5" sha1="bf2f9b963c8045dca79921c3c08cea9a4a31f129"/>
			</dataarea>
		</part>
		<part name="flop5" interface="floppy_3_5">
			<feature name="part_id" value="Game Disk 1"/>
			<dataarea name="flop" size="737280">
				<rom name="fray - in magical adventure (1990)(micro cabin)(jp)(disk 5 of 5)(game disk 1)[a].dsk" size="737280" crc="db96855a" sha1="9fce9c2fb9f684ed2478deacf02a1388975230e5"/>
			</dataarea>
		</part>
	</software>

	<software name="frayb" cloneof="fray">
		<description>Fray - In Magical Adventure (Jpn, Alt 2)</description>
		<year>1990</year>
		<publisher>Micro Cabin</publisher>
		<info name="alt_title" value="フレイサーク外伝" />

		<part name="flop1" interface="floppy_3_5">
			<feature name="part_id" value="Opening Disk 0"/>
			<dataarea name="flop" size="737280">
				<rom name="fray - in magical adventure (1990)(micro cabin)(jp)(disk 1 of 5)(opening disk 0)[a2].dsk" size="737280" crc="fe161465" sha1="9abd04cfb508567ab4d19e4a0a82fa00f6348286"/>
			</dataarea>
		</part>
		<part name="flop2" interface="floppy_3_5">
			<feature name="part_id" value="Opening Disk 1"/>
			<dataarea name="flop" size="737280">
				<rom name="fray - in magical adventure (1990)(micro cabin)(jp)(disk 2 of 5)(opening disk 1).dsk" size="737280" crc="c33d5ac3" sha1="0b145459326c62254522bf77f063b069d086aa29"/>
			</dataarea>
		</part>
		<part name="flop3" interface="floppy_3_5">
			<feature name="part_id" value="Opening Disk 2"/>
			<dataarea name="flop" size="737280">
				<rom name="fray - in magical adventure (1990)(micro cabin)(jp)(disk 3 of 5)(opening disk 2).dsk" size="737280" crc="b770ee14" sha1="80701f4a86a151778c4fc81f56e9088d7b880651"/>
			</dataarea>
		</part>
		<part name="flop4" interface="floppy_3_5">
			<feature name="part_id" value="Game Disk 0"/>
			<dataarea name="flop" size="737280">
				<rom name="fray - in magical adventure (1990)(micro cabin)(jp)(disk 4 of 5)(game disk 0)[a2].dsk" size="737280" crc="4a96b160" sha1="f28e35348dceb9bef0d6e21674bf01d67fd9501b"/>
			</dataarea>
		</part>
		<part name="flop5" interface="floppy_3_5">
			<feature name="part_id" value="Game Disk 1"/>
			<dataarea name="flop" size="737280">
				<rom name="fray - in magical adventure (1990)(micro cabin)(jp)(disk 5 of 5)(game disk 1).dsk" size="737280" crc="d631a475" sha1="c1c35bedb620181846a407d6900db741f751e50f"/>
			</dataarea>
		</part>
	</software>

	<software name="illcity">
		<description>Illusion City - Genei Toshi (Jpn)</description>
		<year>1991</year>
		<publisher>Micro Cabin</publisher>
		<info name="alt_title" value="げんえいとし" />

		<part name="flop1" interface="floppy_3_5">
			<feature name="part_id" value="Game Disk 1"/>
			<dataarea name="flop" size="737280">
				<rom name="illusion city (1991)(micro cabin)(jp)(disk 01 of 13)(game disk 1).dsk" size="737280" crc="6c09d054" sha1="94258658039f76d22bc79ec02b7b78e9b4a7ac13"/>
			</dataarea>
		</part>
		<part name="flop2" interface="floppy_3_5">
			<feature name="part_id" value="Game Disk 2"/>
			<dataarea name="flop" size="737280">
				<rom name="illusion city (1991)(micro cabin)(jp)(disk 02 of 13)(game disk 2).dsk" size="737280" crc="69872539" sha1="4535b5a13a86537e363566bd2a864cbf17bcd2e7"/>
			</dataarea>
		</part>
		<part name="flop3" interface="floppy_3_5">
			<feature name="part_id" value="Game Disk 3"/>
			<dataarea name="flop" size="737280">
				<rom name="illusion city (1991)(micro cabin)(jp)(disk 03 of 13)(game disk 3).dsk" size="737280" crc="494a0db3" sha1="ac94c9f5e735c935a5ed4ff47c9689e5e07ac266"/>
			</dataarea>
		</part>
		<part name="flop4" interface="floppy_3_5">
			<feature name="part_id" value="Game Disk 4"/>
			<dataarea name="flop" size="737280">
				<rom name="illusion city (1991)(micro cabin)(jp)(disk 04 of 13)(game disk 4).dsk" size="737280" crc="9d31fe9f" sha1="da08fd8c79ebb28a01232734bf607f576f7987cf"/>
			</dataarea>
		</part>
		<part name="flop5" interface="floppy_3_5">
			<feature name="part_id" value="Game Disk 5"/>
			<dataarea name="flop" size="737280">
				<rom name="illusion city (1991)(micro cabin)(jp)(disk 05 of 13)(game disk 5).dsk" size="737280" crc="d8a0e0c8" sha1="5472f519f06212562d72f5be229b74a4599f13c2"/>
			</dataarea>
		</part>
		<part name="flop6" interface="floppy_3_5">
			<feature name="part_id" value="Game Disk 6"/>
			<dataarea name="flop" size="737280">
				<rom name="illusion city (1991)(micro cabin)(jp)(disk 06 of 13)(game disk 6).dsk" size="737280" crc="5b89b23d" sha1="1141f0b05250ffde6cbd02a29041c4c520008267"/>
			</dataarea>
		</part>
		<part name="flop7" interface="floppy_3_5">
			<feature name="part_id" value="Game Disk 7"/>
			<dataarea name="flop" size="737280">
				<rom name="illusion city (1991)(micro cabin)(jp)(disk 07 of 13)(game disk 7).dsk" size="737280" crc="98a4a1ac" sha1="fdad8341a81d1310f00e07057b61ea4ef31cdf06"/>
			</dataarea>
		</part>
		<part name="flop8" interface="floppy_3_5">
			<feature name="part_id" value="Game Disk 8"/>
			<dataarea name="flop" size="737280">
				<rom name="illusion city (1991)(micro cabin)(jp)(disk 08 of 13)(game disk 8).dsk" size="737280" crc="11998da3" sha1="efa7b70351f0302e112cb9b0ef49dc033c967e3d"/>
			</dataarea>
		</part>
	</software>

	<software name="munote">
		<description>μ.Note (Jpn)</description>
		<year>1992</year>
		<publisher>Bit²</publisher>

		<part name="flop1" interface="floppy_3_5">
			<feature name="part_id" value="Disk 1"/>
			<dataarea name="flop" size="737280">
				<rom name="myu note (1992)(bit2)(jp)(disk 1 of 2).dsk" size="737280" crc="e2d5772b" sha1="420fdd3980c4f18f46055ec457cf236348625a18"/>
			</dataarea>
		</part>
		<part name="flop2" interface="floppy_3_5">
			<feature name="part_id" value="Disk 2"/>
			<dataarea name="flop" size="737280">
				<rom name="myu note (1992)(bit2)(jp)(disk 2 of 2).dsk" size="737280" crc="e3eda999" sha1="cf41b87c1390684fc31c2d6634756592d616073b"/>
			</dataarea>
		</part>
	</software>

	<software name="musios">
		<description>μ.Sios (Jpn)</description>
		<year>1991</year>
		<publisher>Bit²</publisher>

		<part name="flop1" interface="floppy_3_5">
			<feature name="part_id" value="Disk 1"/>
			<dataarea name="flop" size="737280">
				<rom name="myu sios (1991)(bit2)(jp)(disk 1 of 3).dsk" size="737280" crc="2cf78feb" sha1="f80b22f2f1f8263cceb782738558767286dd89a1"/>
			</dataarea>
		</part>
		<part name="flop2" interface="floppy_3_5">
			<feature name="part_id" value="Disk 2"/>
			<dataarea name="flop" size="737280">
				<rom name="myu sios (1991)(bit2)(jp)(disk 2 of 3).dsk" size="737280" crc="0ffa249d" sha1="b7107c665a502c815e0d55e4165a17bd98420385"/>
			</dataarea>
		</part>
		<part name="flop3" interface="floppy_3_5">
			<feature name="part_id" value="Disk 3"/>
			<dataarea name="flop" size="737280">
				<rom name="myu sios (1991)(bit2)(jp)(disk 3 of 3).dsk" size="737280" crc="74010ac2" sha1="2e1b83373aadd455f093907b0700623b462cbe68"/>
			</dataarea>
		</part>
	</software>

	<software name="ranma">
		<description>Ranma ½ - Hiryuu Densetsu (Jpn)</description>
		<year>1992</year>
		<publisher>Bothtec</publisher>
		<info name="alt_title" value="らんま1/2飛龍伝説" />

		<part name="flop1" interface="floppy_3_5">
			<feature name="part_id" value="Disk 1"/>
			<dataarea name="flop" size="737280">
				<rom name="ranma nibunnoichi 1-2 (1992)(bothtec)(jp)(disk 1 of 8).dsk" size="737280" crc="6074f52f" sha1="13ef524c86124a628e6169edcf81e2ede3140bc0"/>
			</dataarea>
		</part>
		<part name="flop2" interface="floppy_3_5">
			<feature name="part_id" value="Disk 2"/>
			<dataarea name="flop" size="737280">
				<rom name="ranma nibunnoichi 1-2 (1992)(bothtec)(jp)(disk 8 of 8).dsk" size="737280" crc="ea153962" sha1="6ea5f0a2b89f223220ee8003b83a2f537fd63ee3"/>
			</dataarea>
		</part>
		<part name="flop3" interface="floppy_3_5">
			<feature name="part_id" value="Disk 3"/>
			<dataarea name="flop" size="737280">
				<rom name="ranma nibunnoichi 1-2 (1992)(bothtec)(jp)(disk 2 of 8).dsk" size="737280" crc="fbb7805b" sha1="a9e6bfd80298626086e3a81d054b37142db08b52"/>
			</dataarea>
		</part>
		<part name="flop4" interface="floppy_3_5">
			<feature name="part_id" value="Disk 4"/>
			<dataarea name="flop" size="737280">
				<rom name="ranma nibunnoichi 1-2 (1992)(bothtec)(jp)(disk 3 of 8).dsk" size="737280" crc="26295e10" sha1="7dcfedaafde8cf0b286d80b0f2a930dba15a362c"/>
			</dataarea>
		</part>
		<part name="flop5" interface="floppy_3_5">
			<feature name="part_id" value="Disk 5"/>
			<dataarea name="flop" size="737280">
				<rom name="ranma nibunnoichi 1-2 (1992)(bothtec)(jp)(disk 4 of 8).dsk" size="737280" crc="4cb5d6f4" sha1="c0750209ce9b36dd76091ed353d762a9f5380adb"/>
			</dataarea>
		</part>
		<part name="flop6" interface="floppy_3_5">
			<feature name="part_id" value="Disk 6"/>
			<dataarea name="flop" size="737280">
				<rom name="ranma nibunnoichi 1-2 (1992)(bothtec)(jp)(disk 5 of 8).dsk" size="737280" crc="9d9fd03d" sha1="7f92d37b3cb31689a3fa54c374c84366e302afb3"/>
			</dataarea>
		</part>
		<part name="flop7" interface="floppy_3_5">
			<feature name="part_id" value="Disk 7"/>
			<dataarea name="flop" size="737280">
				<rom name="ranma nibunnoichi 1-2 (1992)(bothtec)(jp)(disk 6 of 8).dsk" size="737280" crc="c90a316e" sha1="27dfae858e543a443521dc3b9a8f70028e0cd033"/>
			</dataarea>
		</part>
		<part name="flop8" interface="floppy_3_5">
			<feature name="part_id" value="Disk 8"/>
			<dataarea name="flop" size="737280">
				<rom name="ranma nibunnoichi 1-2 (1992)(bothtec)(jp)(disk 7 of 8).dsk" size="737280" crc="77b007ec" sha1="0f64b6b2a1eefb0597793ccb82a247945a19b5ca"/>
			</dataarea>
		</part>
	</software>

	<software name="ranmaa" cloneof="ranma">
		<description>Ranma ½ - Hiryuu Densetsu (Jpn, Alt)</description>
		<year>1992</year>
		<publisher>Bothtec</publisher>
		<info name="alt_title" value="らんま1/2飛龍伝説" />

		<part name="flop1" interface="floppy_3_5">
			<feature name="part_id" value="Disk 1"/>
			<dataarea name="flop" size="737280">
				<rom name="ranma nibunnoichi 1-2 (1992)(bothtec)(jp)(disk 1 of 8)[a].dsk" size="737280" crc="9068b80b" sha1="846d114dfdcf6d33997937e03aefb5cfb782e75b"/>
			</dataarea>
		</part>
		<part name="flop2" interface="floppy_3_5">
			<feature name="part_id" value="Disk 2"/>
			<dataarea name="flop" size="737280">
				<rom name="ranma nibunnoichi 1-2 (1992)(bothtec)(jp)(disk 8 of 8)[a].dsk" size="737280" crc="825b91a9" sha1="9dd478f437147726ba585c1a6446c0150f2de9a2"/>
			</dataarea>
		</part>
		<part name="flop3" interface="floppy_3_5">
			<feature name="part_id" value="Disk 3"/>
			<dataarea name="flop" size="737280">
				<rom name="ranma nibunnoichi 1-2 (1992)(bothtec)(jp)(disk 2 of 8).dsk" size="737280" crc="fbb7805b" sha1="a9e6bfd80298626086e3a81d054b37142db08b52"/>
			</dataarea>
		</part>
		<part name="flop4" interface="floppy_3_5">
			<feature name="part_id" value="Disk 4"/>
			<dataarea name="flop" size="737280">
				<rom name="ranma nibunnoichi 1-2 (1992)(bothtec)(jp)(disk 3 of 8).dsk" size="737280" crc="26295e10" sha1="7dcfedaafde8cf0b286d80b0f2a930dba15a362c"/>
			</dataarea>
		</part>
		<part name="flop5" interface="floppy_3_5">
			<feature name="part_id" value="Disk 5"/>
			<dataarea name="flop" size="737280">
				<rom name="ranma nibunnoichi 1-2 (1992)(bothtec)(jp)(disk 4 of 8).dsk" size="737280" crc="4cb5d6f4" sha1="c0750209ce9b36dd76091ed353d762a9f5380adb"/>
			</dataarea>
		</part>
		<part name="flop6" interface="floppy_3_5">
			<feature name="part_id" value="Disk 6"/>
			<dataarea name="flop" size="737280">
				<rom name="ranma nibunnoichi 1-2 (1992)(bothtec)(jp)(disk 6 of 8)[a].dsk" size="737280" crc="b313ebd6" sha1="99d9e9580372e9eccdc69a20e6b349a90e1c1005"/>
			</dataarea>
		</part>
		<part name="flop7" interface="floppy_3_5">
			<feature name="part_id" value="Disk 7"/>
			<dataarea name="flop" size="737280">
				<rom name="ranma nibunnoichi 1-2 (1992)(bothtec)(jp)(disk 6 of 8).dsk" size="737280" crc="c90a316e" sha1="27dfae858e543a443521dc3b9a8f70028e0cd033"/>
			</dataarea>
		</part>
		<part name="flop8" interface="floppy_3_5">
			<feature name="part_id" value="Disk 8"/>
			<dataarea name="flop" size="737280">
				<rom name="ranma nibunnoichi 1-2 (1992)(bothtec)(jp)(disk 7 of 8).dsk" size="737280" crc="77b007ec" sha1="0f64b6b2a1eefb0597793ccb82a247945a19b5ca"/>
			</dataarea>
		</part>
	</software>

	<software name="ranmab" cloneof="ranma">
		<description>Ranma ½ - Hiryuu Densetsu (Jpn, Alt 2)</description>
		<year>1992</year>
		<publisher>Bothtec</publisher>
		<info name="alt_title" value="らんま1/2飛龍伝説" />

		<part name="flop1" interface="floppy_3_5">
			<feature name="part_id" value="Disk 1"/>
			<dataarea name="flop" size="737280">
				<rom name="ranma nibunnoichi 1-2 (1992)(bothtec)(jp)(disk 1 of 8)[a2].dsk" size="737280" crc="bbd17c43" sha1="50f5d422b5eb45f5e8b340e1030bf65cb91e1a8e"/>
			</dataarea>
		</part>
		<part name="flop2" interface="floppy_3_5">
			<feature name="part_id" value="Disk 2"/>
			<dataarea name="flop" size="737280">
				<rom name="ranma nibunnoichi 1-2 (1992)(bothtec)(jp)(disk 8 of 8)[a2].dsk" size="737280" crc="742f421d" sha1="34acc7e52b700557071447345f3f7419a972ddae"/>
			</dataarea>
		</part>
		<part name="flop3" interface="floppy_3_5">
			<feature name="part_id" value="Disk 3"/>
			<dataarea name="flop" size="737280">
				<rom name="ranma nibunnoichi 1-2 (1992)(bothtec)(jp)(disk 2 of 8).dsk" size="737280" crc="fbb7805b" sha1="a9e6bfd80298626086e3a81d054b37142db08b52"/>
			</dataarea>
		</part>
		<part name="flop4" interface="floppy_3_5">
			<feature name="part_id" value="Disk 4"/>
			<dataarea name="flop" size="737280">
				<rom name="ranma nibunnoichi 1-2 (1992)(bothtec)(jp)(disk 3 of 8).dsk" size="737280" crc="26295e10" sha1="7dcfedaafde8cf0b286d80b0f2a930dba15a362c"/>
			</dataarea>
		</part>
		<part name="flop5" interface="floppy_3_5">
			<feature name="part_id" value="Disk 5"/>
			<dataarea name="flop" size="737280">
				<rom name="ranma nibunnoichi 1-2 (1992)(bothtec)(jp)(disk 4 of 8).dsk" size="737280" crc="4cb5d6f4" sha1="c0750209ce9b36dd76091ed353d762a9f5380adb"/>
			</dataarea>
		</part>
		<part name="flop6" interface="floppy_3_5">
			<feature name="part_id" value="Disk 6"/>
			<dataarea name="flop" size="737280">
				<rom name="ranma nibunnoichi 1-2 (1992)(bothtec)(jp)(disk 5 of 8).dsk" size="737280" crc="9d9fd03d" sha1="7f92d37b3cb31689a3fa54c374c84366e302afb3"/>
			</dataarea>
		</part>
		<part name="flop7" interface="floppy_3_5">
			<feature name="part_id" value="Disk 7"/>
			<dataarea name="flop" size="737280">
				<rom name="ranma nibunnoichi 1-2 (1992)(bothtec)(jp)(disk 6 of 8).dsk" size="737280" crc="c90a316e" sha1="27dfae858e543a443521dc3b9a8f70028e0cd033"/>
			</dataarea>
		</part>
		<part name="flop8" interface="floppy_3_5">
			<feature name="part_id" value="Disk 8"/>
			<dataarea name="flop" size="737280">
				<rom name="ranma nibunnoichi 1-2 (1992)(bothtec)(jp)(disk 7 of 8).dsk" size="737280" crc="77b007ec" sha1="0f64b6b2a1eefb0597793ccb82a247945a19b5ca"/>
			</dataarea>
		</part>
	</software>

	<software name="ranmac" cloneof="ranma">
		<description>Ranma ½ - Hiryuu Densetsu (Jpn, Alt Disk 1)</description>
		<year>1992</year>
		<publisher>Bothtec</publisher>
		<info name="alt_title" value="らんま1/2飛龍伝説" />

		<part name="flop1" interface="floppy_3_5">
			<feature name="part_id" value="Disk 1"/>
			<dataarea name="flop" size="737280">
				<rom name="ranma nibunnoichi 1-2 (1992)(bothtec)(jp)(disk 1 of 8)[a3].dsk" size="737280" crc="39cf454c" sha1="c627a49182ccf80e231525cb1a3a53e460fc024b"/>
			</dataarea>
		</part>
		<part name="flop2" interface="floppy_3_5">
			<feature name="part_id" value="Disk 2"/>
			<dataarea name="flop" size="737280">
				<rom name="ranma nibunnoichi 1-2 (1992)(bothtec)(jp)(disk 8 of 8).dsk" size="737280" crc="ea153962" sha1="6ea5f0a2b89f223220ee8003b83a2f537fd63ee3"/>
			</dataarea>
		</part>
		<part name="flop3" interface="floppy_3_5">
			<feature name="part_id" value="Disk 3"/>
			<dataarea name="flop" size="737280">
				<rom name="ranma nibunnoichi 1-2 (1992)(bothtec)(jp)(disk 2 of 8).dsk" size="737280" crc="fbb7805b" sha1="a9e6bfd80298626086e3a81d054b37142db08b52"/>
			</dataarea>
		</part>
		<part name="flop4" interface="floppy_3_5">
			<feature name="part_id" value="Disk 4"/>
			<dataarea name="flop" size="737280">
				<rom name="ranma nibunnoichi 1-2 (1992)(bothtec)(jp)(disk 3 of 8).dsk" size="737280" crc="26295e10" sha1="7dcfedaafde8cf0b286d80b0f2a930dba15a362c"/>
			</dataarea>
		</part>
		<part name="flop5" interface="floppy_3_5">
			<feature name="part_id" value="Disk 5"/>
			<dataarea name="flop" size="737280">
				<rom name="ranma nibunnoichi 1-2 (1992)(bothtec)(jp)(disk 4 of 8).dsk" size="737280" crc="4cb5d6f4" sha1="c0750209ce9b36dd76091ed353d762a9f5380adb"/>
			</dataarea>
		</part>
		<part name="flop6" interface="floppy_3_5">
			<feature name="part_id" value="Disk 6"/>
			<dataarea name="flop" size="737280">
				<rom name="ranma nibunnoichi 1-2 (1992)(bothtec)(jp)(disk 5 of 8).dsk" size="737280" crc="9d9fd03d" sha1="7f92d37b3cb31689a3fa54c374c84366e302afb3"/>
			</dataarea>
		</part>
		<part name="flop7" interface="floppy_3_5">
			<feature name="part_id" value="Disk 7"/>
			<dataarea name="flop" size="737280">
				<rom name="ranma nibunnoichi 1-2 (1992)(bothtec)(jp)(disk 6 of 8).dsk" size="737280" crc="c90a316e" sha1="27dfae858e543a443521dc3b9a8f70028e0cd033"/>
			</dataarea>
		</part>
		<part name="flop8" interface="floppy_3_5">
			<feature name="part_id" value="Disk 8"/>
			<dataarea name="flop" size="737280">
				<rom name="ranma nibunnoichi 1-2 (1992)(bothtec)(jp)(disk 7 of 8).dsk" size="737280" crc="77b007ec" sha1="0f64b6b2a1eefb0597793ccb82a247945a19b5ca"/>
			</dataarea>
		</part>
	</software>

	<software name="seeddrag">
		<description>Seed of Dragon (Jpn)</description>
		<year>1990</year>
		<publisher>Riverhill Soft</publisher>
		<info name="alt_title" value="シードオブドラゴン" />

		<part name="flop1" interface="floppy_3_5">
			<feature name="part_id" value="Game Disk 1"/>
			<dataarea name="flop" size="737280">
				<rom name="seed of dragon (1990)(riverhill soft)(jp)(disk 1 of 3)(game disk 1).dsk" size="737280" crc="6375eeb9" sha1="7a329629bc7667761751f092e8d2dc350f9eba76"/>
			</dataarea>
		</part>
		<part name="flop2" interface="floppy_3_5">
			<feature name="part_id" value="Game Disk 2"/>
			<dataarea name="flop" size="737280">
				<rom name="seed of dragon (1990)(riverhill soft)(jp)(disk 2 of 3)(game disk 2).dsk" size="737280" crc="dd1fd600" sha1="16bece552fd1af10c2cf467d1c89e7d2869ded35"/>
			</dataarea>
		</part>
		<part name="flop3" interface="floppy_3_5">
			<feature name="part_id" value="Game Disk 3"/>
			<dataarea name="flop" size="737280">
				<rom name="seed of dragon (1990)(riverhill soft)(jp)(disk 3 of 3)(game disk 3).dsk" size="737280" crc="3ac7bc91" sha1="f376d8875548a7910317ab7a34cd2be823101385"/>
			</dataarea>
		</part>
	</software>

	<software name="seeddraga" cloneof="seeddrag">
		<description>Seed of Dragon (Jpn, Alt)</description>
		<year>1990</year>
		<publisher>Riverhill Soft</publisher>
		<info name="alt_title" value="シードオブドラゴン" />

		<part name="flop1" interface="floppy_3_5">
			<feature name="part_id" value="Game Disk 1"/>
			<dataarea name="flop" size="737280">
				<rom name="seed of dragon (1990)(riverhill soft)(jp)(disk 1 of 3)(game disk 1)[a].dsk" size="737280" crc="a5f1a706" sha1="0df21b3debfc5bc83eed276ddeed0acf7f62ab30"/>
			</dataarea>
		</part>
		<part name="flop2" interface="floppy_3_5">
			<feature name="part_id" value="Game Disk 2"/>
			<dataarea name="flop" size="737280">
				<rom name="seed of dragon (1990)(riverhill soft)(jp)(disk 2 of 3)(game disk 2)[a].dsk" size="737280" crc="86ea43d0" sha1="cf11190db1c36aa9b79c534b131f7258729e0e99"/>
			</dataarea>
		</part>
		<part name="flop3" interface="floppy_3_5">
			<feature name="part_id" value="Game Disk 3"/>
			<dataarea name="flop" size="737280">
				<rom name="seed of dragon (1990)(riverhill soft)(jp)(disk 3 of 3)(game disk 3)[a].dsk" size="737280" crc="d0ef7a8e" sha1="a41729e7ae2e5223374603cadc08f551ae8e40e6"/>
			</dataarea>
		</part>
	</software>

	<software name="seeddragb" cloneof="seeddrag">
		<description>Seed of Dragon (Jpn, Alt Disk 1)</description>
		<year>1990</year>
		<publisher>Riverhill Soft</publisher>
		<info name="alt_title" value="シードオブドラゴン" />

		<part name="flop1" interface="floppy_3_5">
			<feature name="part_id" value="Game Disk 1"/>
			<dataarea name="flop" size="737280">
				<rom name="seed of dragon (1990)(riverhill soft)(jp)(disk 1 of 3)(game disk 1)[a2].dsk" size="737280" crc="08fd8f1b" sha1="5803057e6c75a5841dc4f273e7d26b73f83a74f9"/>
			</dataarea>
		</part>
		<part name="flop2" interface="floppy_3_5">
			<feature name="part_id" value="Game Disk 2"/>
			<dataarea name="flop" size="737280">
				<rom name="seed of dragon (1990)(riverhill soft)(jp)(disk 2 of 3)(game disk 2).dsk" size="737280" crc="dd1fd600" sha1="16bece552fd1af10c2cf467d1c89e7d2869ded35"/>
			</dataarea>
		</part>
		<part name="flop3" interface="floppy_3_5">
			<feature name="part_id" value="Game Disk 3"/>
			<dataarea name="flop" size="737280">
				<rom name="seed of dragon (1990)(riverhill soft)(jp)(disk 3 of 3)(game disk 3).dsk" size="737280" crc="3ac7bc91" sha1="f376d8875548a7910317ab7a34cd2be823101385"/>
			</dataarea>
		</part>
	</software>

	<software name="turboost">
		<description>Turbo Booster (Jpn)</description>
		<year>1990</year>
		<publisher>Kyoto Media</publisher>

		<part name="flop1" interface="floppy_3_5">
			<dataarea name="flop" size="737280">
				<rom name="turbo booster (1990)(team toy boys)(jp)[b].dsk" size="737280" crc="f7233416" sha1="78763684ef466ef84773f9f3c3102deaf2cc61cb"/>
			</dataarea>
		</part>
	</software>


<!-- Homebrew / Doujin -->


<!-- This is the 20150209 version! -->
	<software name="ddrehear">
		<description>Dream Drops - Secret Design of the Hearts (Jpn)</description>
		<year>2011</year>
		<publisher>&lt;doujin&gt;</publisher>
		<info name="developer" value="Rabbit Soft Worker's" />

		<part name="flop1" interface="floppy_3_5">
			<dataarea name="flop" size="737280">
				<rom name="dd_rehearsal.dsk" size="737280" crc="58ffca39" sha1="fc19a452557a75fbe4c55ee313302dfd6b362610"/>
			</dataarea>
		</part>
	</software>

	<software name="drmfight">
		<description>Dream Fighters (Jpn)</description>
		<year>1996</year>
		<publisher>&lt;doujin&gt;</publisher>
		<info name="developer" value="Monoki" />

		<part name="flop1" interface="floppy_3_5">
			<dataarea name="flop" size="737280">
				<rom name="dreamfighters.dsk" size="737280" crc="0d25daef" sha1="fa0d62775202f9e7e9a7cb617a7ab40323c2b6f2"/>
			</dataarea>
		</part>
	</software>

<!-- what is the real title of this? -->
	<software name="earthatt">
		<description>Earth Attack (Jpn)</description>
		<year>19??</year>
		<publisher>&lt;doujin&gt;</publisher>
		<info name="developer" value="GW's Workshop" />

		<part name="flop1" interface="floppy_3_5">
			<dataarea name="flop" size="737280">
				<rom name="earth attack (19xx)(gw's workshop)[b].dsk" size="737280" crc="b6cd052d" sha1="3ad636e6726be67f395b80d170566065c5d80868"/>
			</dataarea>
		</part>
	</software>

	<software name="fnano2">
		<description>F-Nano 2 - 3D Car Action (Jpn)</description>
		<year>1994</year>
		<publisher>&lt;doujin&gt;</publisher>
		<info name="developer" value="XRay" />

		<part name="flop1" interface="floppy_3_5">
			<dataarea name="flop" size="737280">
				<rom name="f-nano 2 - 3d car action (demo) (1994)(xray)(jp).dsk" size="737280" crc="65f9baa0" sha1="2ffd8e05317a1f5f296635da654b51739d392b6a"/>
			</dataarea>
		</part>
	</software>

	<software name="fnano2d">
		<description>F-Nano 2' - 3D Car Action (Jpn)</description>
		<year>1997</year>
		<publisher>&lt;doujin&gt;</publisher>
		<info name="developer" value="XRay" />

		<part name="flop1" interface="floppy_3_5">
			<dataarea name="flop" size="737280">
				<rom name="f-nano 2' (xray, 1997).dsk" size="737280" crc="3b65605e" sha1="031f9dcc4ae1832dd3e0252c2988a7c7a13b90a7"/>
			</dataarea>
		</part>
	</software>

	<software name="gekikara">
		<description>Gekikara Roudousha (Jpn)</description>
		<year>1995</year>
		<publisher>&lt;doujin&gt;</publisher>
		<info name="developer" value="Delta Trial" />
		<info name="alt_title" value="激辛労働者" />

		<part name="flop1" interface="floppy_3_5">
			<dataarea name="flop" size="737280">
				<rom name="gekikara.dsk" size="737280" crc="7eca8ac2" sha1="e8330e337c5edef9d7df394acf997e6d8115146d"/>
			</dataarea>
		</part>
	</software>

	<software name="gunfesta">
		<description>Gun Shot vs Festa Again (Jpn)</description>
		<year>2001</year>
		<publisher>&lt;doujin&gt;</publisher>
		<info name="developer" value="Rabbit Soft Worker's" />

		<part name="flop1" interface="floppy_3_5">
			<dataarea name="flop" size="737280">
				<rom name="gun shot vs festa again (2001)(rabbit soft worker's)(jp).dsk" size="737280" crc="6375481b" sha1="56ac03a3fc5dcdb2cf07f1110284d87f7be061cb"/>
			</dataarea>
		</part>
	</software>

	<software name="6thsense">
		<description>In the 6th Sense - Product of the Hearts (Jpn)</description>
		<year>2007</year>
		<publisher>&lt;doujin&gt;</publisher>
		<info name="developer" value="Rabbit Soft Worker's" />

		<part name="flop1" interface="floppy_3_5">
			<dataarea name="flop" size="737280">
				<rom name="hearts_r.dsk" size="737280" crc="619614b4" sha1="669ac574bc9abbaebca602d6d998353f3352714d"/>
			</dataarea>
		</part>
	</software>

	<software name="mistralb">
		<description>Mistral Blue</description>
		<year>2002</year>
		<publisher>&lt;doujin&gt;</publisher>
		<info name="developer" value="Popcorn" />

		<part name="flop1" interface="floppy_3_5">
			<dataarea name="flop" size="737280">
				<rom name="misttria.dsk" size="737280" crc="5367f0da" sha1="6f352de01235c9f4ac763f8f3714aad3672956a8"/>
			</dataarea>
		</part>
	</software>

	<software name="estriker">
		<description>Mobius Debugger 2 - Eternal Striker</description>
		<year>1995</year>
		<publisher>&lt;doujin&gt;</publisher>
		<info name="developer" value="Sequence" />

		<part name="flop1" interface="floppy_3_5">
			<dataarea name="flop" size="737280">
				<rom name="eternaldemo.dsk" size="737280" crc="19a45f75" sha1="20cbe1beaa164f2fc80a49caeadf320848881a74"/>
			</dataarea>
		</part>
	</software>

	<software name="mlsaga">
		<description>Moon Light Saga (Jpn)</description>
		<year>1996</year>
		<publisher>&lt;doujin&gt;</publisher>
		<info name="developer" value="MapleYard" />

		<part name="flop1" interface="floppy_3_5">
			<dataarea name="flop" size="737280">
				<rom name="moonlight saga (1996)(maple yard)(jp).dsk" size="737280" crc="5adff71b" sha1="c6e339c992562800ded94b29cd910cfe7d656cea"/>
			</dataarea>
		</part>
	</software>

	<software name="mlsagaa" cloneof="mlsaga">
		<description>Moon Light Saga (Jpn, Bad Dump?)</description>
		<year>1996</year>
		<publisher>&lt;doujin&gt;</publisher>
		<info name="developer" value="MapleYard" />

		<part name="flop1" interface="floppy_3_5">
			<dataarea name="flop" size="737280">
				<rom name="moonlight saga (1997)(-)[b].dsk" size="737280" crc="e4d13543" sha1="835363a41c6145a92eb9f8d7c8a0404145af2f97"/>
			</dataarea>
		</part>
	</software>

	<software name="multiplx">
		<description>Multi-Plex (Jpn)</description>
		<year>1993</year>
		<publisher>&lt;doujin&gt;</publisher>
		<info name="developer" value="MIWA" />

		<part name="flop1" interface="floppy_3_5">
			<dataarea name="flop" size="737280">
				<rom name="multi-plex (1993)(miwa)(jp).dsk" size="737280" crc="126399dc" sha1="a6f75f120c89c22dce27a63f73209d96ccacb92a"/>
			</dataarea>
		</part>
	</software>

	<software name="multiplxa" cloneof="multiplx">
		<description>Multi-Plex (Jpn, Alt)</description>
		<year>1993</year>
		<publisher>&lt;doujin&gt;</publisher>
		<info name="developer" value="MIWA" />

		<part name="flop1" interface="floppy_3_5">
			<feature name="part_id" value="Disk 1, Alt"/>
			<dataarea name="flop" size="737280">
				<rom name="multi-plex (1993)(miwa)(jp)[a].dsk" size="737280" crc="d116b2f7" sha1="8cd400d46b8af6a0f557eda0903ad916898b91cc"/>
			</dataarea>
		</part>
	</software>

	<software name="paradrm">
		<description>PaRaDream - Parallel Dream (Jpn)</description>
		<year>1992</year>
		<publisher>&lt;doujin&gt;</publisher>
		<info name="developer" value="RAC House" />

		<part name="flop1" interface="floppy_3_5">
			<dataarea name="flop" size="737280">
				<rom name="paradream (1992)(rac house)(jp).dsk" size="737280" crc="81f23eae" sha1="1dd663e5b38ce0206f09a8c6a226f9e6562e341a"/>
			</dataarea>
		</part>
	</software>

	<software name="paradrma" cloneof="paradrm">
		<description>PaRaDream - Parallel Dream (Jpn, Alt)</description>
		<year>1992</year>
		<publisher>&lt;doujin&gt;</publisher>
		<info name="developer" value="RAC House" />

		<part name="flop1" interface="floppy_3_5">
			<dataarea name="flop" size="737280">
				<rom name="paradream (1992)(rac house)(jp)[a].dsk" size="737280" crc="cb11589a" sha1="eea7efb3a3f3df9a8985a24bc9838d3ef90b78e7"/>
			</dataarea>
		</part>
	</software>

	<software name="paradrmb" cloneof="paradrm">
		<description>PaRaDream - Parallel Dream (Jpn, Alt 2)</description>
		<year>1992</year>
		<publisher>&lt;doujin&gt;</publisher>
		<info name="developer" value="RAC House" />

		<part name="flop1" interface="floppy_3_5">
			<dataarea name="flop" size="737280">
				<rom name="paradream (1992)(rac house)(jp)[a2].dsk" size="737280" crc="7cafcc2c" sha1="7182f010517a9d7f54f2ade133c8f3b7f77b8f3e"/>
			</dataarea>
		</part>
	</software>

	<software name="phi">
		<description>Phi</description>
		<year>2004</year>
		<publisher>&lt;doujin&gt;</publisher>
		<info name="developer" value="Mariko-ban GCC" />

		<part name="flop1" interface="floppy_3_5">
			<dataarea name="flop" size="737280">
				<rom name="phi.dsk" size="737280" crc="c71e6887" sha1="e5034a491c115e19678deb0d983128538a20bd43"/>
			</dataarea>
		</part>
	</software>

	<software name="spanic">
		<description>Space Panic!</description>
		<year>1998</year>
		<publisher>&lt;doujin&gt;</publisher>
		<info name="usage" value="Lanuch with Run&quot;SPANIC.BAS&quot;" />

		<part name="flop1" interface="floppy_3_5">
			<dataarea name="flop" size="737280">
				<rom name="spacepanic.dsk" size="737280" crc="0bbd56b6" sha1="f69c61a1a4c983b4df001061cd5577510663cb7f"/>
			</dataarea>
		</part>
	</software>

	<software name="stg">
		<description>S.T.G. (Jpn)</description>
		<year>1996</year>
		<publisher>&lt;doujin&gt;</publisher>
		<info name="developer" value="Y. Tomohara" />

		<part name="flop1" interface="floppy_3_5">
			<dataarea name="flop" size="368640">
				<rom name="s.t.g. (1996)(y. tomohara).dsk" size="368640" crc="1bf3a50c" sha1="1bfbac72446c059d4838a0b117c5cd5db0a85e21"/>
			</dataarea>
		</part>
	</software>

	<software name="stgspec">
		<description>S.T.G. Special - Do Don Taku (Jpn)</description>
		<year>1998</year>
		<publisher>&lt;doujin&gt;</publisher>
		<info name="developer" value="Y. Tomohara" />

		<part name="flop1" interface="floppy_3_5">
			<dataarea name="flop" size="737280">
				<rom name="s.t.g. special - do don taku (1998)(y. tomohara).dsk" size="737280" crc="82309e65" sha1="a885df863a6f04441881ac907510ab80d139c357"/>
			</dataarea>
		</part>
	</software>

	<software name="saishubo">
		<description>Saishuu Bouei-sen - Save Your Mother Planet: The Earth (Jpn)</description>
		<year>1996</year>
		<publisher>&lt;doujin&gt;</publisher>
		<info name="developer" value="GW's Workshop" />
		<info name="alt_title" value="最終防衛線" />

		<part name="flop1" interface="floppy_3_5">
			<dataarea name="flop" size="737280">
				<rom name="earth (1996)(gw's workshop).dsk" size="737280" crc="82acc22b" sha1="eabdccc0f7c0a640013a4618d9c20aa458e1e0c5"/>
			</dataarea>
		</part>
	</software>

	<software name="flywind">
		<description>Shoot That Flying Windows! (Fin)</description>
		<year>1997</year>
		<publisher>&lt;homebrew&gt;</publisher>
		<info name="developer" value="Nyyrikki" />

		<part name="flop1" interface="floppy_3_5">
			<dataarea name="flop" size="737280">
				<rom name="shoot that flying windows (1997)(nyyrikki)[mouse].dsk" size="737280" crc="1c8f1d96" sha1="d69c803efb9558314489ab04a25ec84a2901f49f"/>
			</dataarea>
		</part>
	</software>

	<software name="flywinda" cloneof="flywind">
		<description>Shoot That Flying Windows! (Fin, Alt)</description>
		<year>1997</year>
		<publisher>&lt;homebrew&gt;</publisher>
		<info name="developer" value="Nyyrikki" />

		<part name="flop1" interface="floppy_3_5">
			<dataarea name="flop" size="737280">
				<rom name="shoot that flying windows (1997)(nyyrikki)[a][mouse].dsk" size="737280" crc="07a4a7ef" sha1="14e93cedcdd35e42c46d8d2c7b0b153012507bdb"/>
			</dataarea>
		</part>
	</software>

	<software name="shdblade">
		<description>Shoulder Blade (Jpn, Bad Dump?)</description>
		<year>1997</year>
		<publisher>&lt;doujin&gt;</publisher>
		<info name="developer" value="GW's Workshop" />
		<info name="usage" value="Requires MSX-DOS2"/>

		<part name="flop1" interface="floppy_3_5">
			<dataarea name="flop" size="737280">
				<rom name="blade (1997)(gw's workshop)[b].dsk" size="737280" crc="3dab74d6" sha1="8c0b7b32ec22840ce1dabd38863e1876232d3b9d"/>
			</dataarea>
		</part>
	</software>

<!-- doujin or hanaechan soft? -->
	<software name="sweet">
		<description>Sweet (Jpn)</description>
		<year>1994</year>
		<publisher>&lt;doujin&gt;</publisher>
		<info name="developer" value="Kazuyuki Suzuki" />

		<part name="flop1" interface="floppy_3_5">
			<dataarea name="flop" size="737280">
				<rom name="sweet (1994)(kazuyuki suzuki)(jp)[old t800].dsk" size="737280" crc="3cf9612c" sha1="8d46a336944128a9f925498647a3d163f7796acd"/>
			</dataarea>
		</part>
	</software>

	<software name="babylon">
		<description>Treasure of Babylon (Fra)</description>
		<year>2013</year>
		<publisher>&lt;homebrew&gt;</publisher>
		<info name="developer" value="Eric Boez" />

		<part name="flop1" interface="floppy_3_5">
			<dataarea name="flop" size="737280">
				<rom name="treasureofbabylon1-0.dsk" size="737280" crc="9cdc78e2" sha1="4f4a7a6de36d9b5f88f21ba31d5d07435c7887f7"/>
			</dataarea>
		</part>
	</software>

	<software name="zterra">
		<description>Zone Terra (Ned)</description>
		<year>1994</year>
		<publisher>&lt;homebrew&gt;</publisher>
		<info name="developer" value="Quadrivium" />

		<part name="flop1" interface="floppy_3_5">
			<dataarea name="flop" size="737280">
				<rom name="zone terra (1994)(quadrivium)(nl).dsk" size="737280" crc="5d7c7d25" sha1="cd631425a0fb7e7cf043c8f69281fd8255ce2c4f"/>
			</dataarea>
		</part>
	</software>

	<software name="zterrad" cloneof="zterra">
		<description>Zone Terra (Ned, Demo)</description>
		<year>1994</year>
		<publisher>&lt;homebrew&gt;</publisher>
		<info name="developer" value="Quadrivium" />

		<part name="flop1" interface="floppy_3_5">
			<dataarea name="flop" size="737280">
				<rom name="zone terra (demo) (1994)(quadrivium)(nl).dsk" size="737280" crc="ed4ac074" sha1="a36dec1e71df540c4e87ee7f38660900f3a05efd"/>
			</dataarea>
		</part>
	</software>

	<software name="zekkotby">
		<description>Zekkou no Tsuri Biyori ya!! (Jpn)</description>
		<year>1996</year>
		<publisher>&lt;doujin&gt;</publisher>
		<info name="developer" value="GW's Workshop" />
		<info name="alt_title" value="絶好の釣り日和や！！" />

		<part name="flop1" interface="floppy_3_5">
			<dataarea name="flop" size="737280">
				<rom name="fishing v1.0 (1996-02-26)(gw's workshop).dsk" size="737280" crc="09c578bb" sha1="b532cc47c08ea406efe3e551e0db2023f4d11154"/>
			</dataarea>
		</part>
	</software>

	<software name="zekkotbya" cloneof="zekkotby">
		<description>Zekkou no Tsuri Biyori ya!! (Jpn, Alt)</description>
		<year>1996</year>
		<publisher>&lt;doujin&gt;</publisher>
		<info name="developer" value="GW's Workshop" />
		<info name="alt_title" value="絶好の釣り日和や！！" />

		<part name="flop1" interface="floppy_3_5">
			<dataarea name="flop" size="737280">
				<rom name="fishing v1.0 (1996-02-26)(gw's workshop)[a].dsk" size="737280" crc="85e05982" sha1="5575d703d7e8290c1c8e434492efc340ba0b0558"/>
			</dataarea>
		</part>
	</software>


<!-- this is composed by ROM + Disk!? -->
	<software name="msxview">
		<description>MSX View (Jpn, Bad Dump?)</description>
		<year>19??</year>
		<publisher>&lt;unknown&gt;</publisher>

		<part name="flop1" interface="floppy_3_5">
			<dataarea name="flop" size="737280">
				<rom name="msx view (19xx)(-)[b].dsk" size="737280" crc="9305eb4e" sha1="bc5333ee88cf26419c64074e45ab7b64c8866c22"/>
			</dataarea>
		</part>
	</software>


</softwarelist>
