<?xml version="1.0"?>
<!DOCTYPE softwarelist SYSTEM "softwarelist.dtd">
<!--
license:CC0-1.0

Known undumped titles:
New Kazoku de Nengajou
-->

<softwarelist name="princ" description="Tomy Prin-C cartridges">
	<software name="bbmaru" supported="no">
		<description>Bad Badtz-Maru</description>
		<year>1996</year>
		<publisher>Tomy</publisher>
		<part name="rom" interface="princ_cart">
			<dataarea name="rom" size="0x80000">
				<rom name="01.bin" size="0x80000" crc="b91a4cb6" sha1="21fcfd16a821796fdf38fe0a23dca93b85fd3339"/>
			</dataarea>
		</part>
	</software>

	<software name="doraemon" supported="no">
		<description>Doraemon</description> <!-- Character Rom Cassette EX series -->
		<year>1998</year>
		<publisher>Tomy</publisher>
		<part name="rom" interface="princ_cart">
			<dataarea name="rom" size="0x80000">
				<rom name="u1.bin" size="0x80000" crc="7e8cdd27" sha1="4487aea62d6f7913a2df1677846420a6f5626326"/>
			</dataarea>
		</part>
	</software>

	<software name="hkitty" supported="no">
		<description>Hello Kitty</description>
		<year>1997</year>
		<publisher>Tomy</publisher>
		<part name="rom" interface="princ_cart">
			<dataarea name="rom" size="0x80000">
				<rom name="01.bin" size="0x80000" crc="4f39e051" sha1="4b21bb88797d4edabcdde7c66933f275e85f3dbc"/>
			</dataarea>
		</part>
	</software>

	<software name="hobik" supported="no">
		<description>Hobby Club</description>
		<year>1996</year>
		<publisher>Tomy</publisher>
		<info name="alt_title" value="ホビークラブ"/>
		<part name="rom" interface="princ_cart">
			<dataarea name="rom" size="0x80000">
				<rom name="01.bin" size="0x80000" crc="ee9f4328" sha1="0a1bb00e261a1076f38cbb2a1337cc146990ed5b"/>
			</dataarea>
		</part>
	</software>

	<software name="kdn" supported="no">
		<description>Kazoku de Nengajou</description>
		<year>1996</year>
		<publisher>Tomy</publisher>
		<info name="alt_title" value="家族で年賀状"/>
		<part name="rom" interface="princ_cart">
			<dataarea name="rom" size="0x80000">
				<rom name="01.bin" size="0x80000" crc="c6c8f28b" sha1="e182f066084f483f49452f9a8c3b5aa21e404274"/>
			</dataarea>
		</part>
	</software>

	<software name="kno" supported="no">
		<description>Kodomo no Omocha</description>
		<year>1996</year>
		<publisher>Tomy</publisher>
		<info name="alt_title" value="こどものおもちゃ"/>
		<part name="rom" interface="princ_cart">
			<dataarea name="rom" size="0x80000">
				<rom name="01.bin" size="0x80000" crc="353d4690" sha1="03e7da042a403e7496ea22c11d9f404cf1b7545c"/>
			</dataarea>
		</part>
	</software>

	<software name="pochacco" supported="no">
		<description>Pochacco</description>
		<year>1996</year>
		<publisher>Tomy</publisher>
		<part name="rom" interface="princ_cart">
			<dataarea name="rom" size="0x80000">
				<rom name="01.bin" size="0x80000" crc="8cac047a" sha1="bfd26093ff30781f915eca2d61c6025ce4bb7652"/>
			</dataarea>
		</part>
	</software>
</softwarelist>
